cliente,alunos_ativos,adesao,taxa_de_leitura,qtd_msgs_enviadas_por_aluno_por_dia,meses
Escola Cliente 1,179,0.99,0.708838313727049,9.82,113
Escola Cliente 2,302,0.99670934017,0.797585945970025,3.02,112
Escola Cliente 3,421,0.98981411520073,0.76909011005098,3.05,111
Escola Cliente 4,794,0.99,0.73,5.47,111
Escola Cliente 5,1217,0.9998378859046042,0.81436961262013,6.84,109
Escola Cliente 6,455,0.99118272034,0.81279053,9.75,109
Escola Cliente 7,677,1,0.79,9.04,109
Escola Cliente 8,301,0.9974015,0.781591197088,9.77,108
Escola Cliente 9,996,0.9997590066,0.89,6.89,106
Escola Cliente 10,669,0.999940729937039,0.880325318443054,5.7,106
Escola Cliente 11,292,0.989901045,0.5293461747018,2.64,106
Escola Cliente 12,346,0.9921780364984104,0.87,7.52,105
Escola Cliente 13,1408,0.9999531414005096,0.8,8.15,104
Escola Cliente 14,480,0.9935062,0.894749674308028,8.87,104
Escola Cliente 15,596,0.99881707,0.846965115058,10.78,99
Escola Cliente 16,405,0.9997729797034092,0.811662007087,5.54,103
Escola Cliente 17,932,0.99861,0.8235425726716802,5.84,101
Escola Cliente 18,125,0.95,0.706597702,2.81,103
Escola Cliente 19,506,0.9942410479605904,0.832103508889053,4.72,103
Escola Cliente 20,2225,0.834420021262094,0.574239765551035,1.47,80
Escola Cliente 21,84,0.9995337180159702,0.88111473091,3.8,103
Escola Cliente 22,178,0.999049,0.74,22.39,101
Escola Cliente 23,227,0.993867168827074,0.9014,4.83,101
Escola Cliente 24,229,0.99954183446084,0.87,5.72,101
Escola Cliente 25,588,0.98453218057,0.5035425077,5.31,88
Escola Cliente 26,140,0.9927004435097,0.820670306067,5.21,100
Escola Cliente 27,793,0.996086,0.77358501355037,6.82,25
Escola Cliente 28,395,0.999084239067,0.72,14.43,100
Escola Cliente 29,2753,0.9981427466321096,0.6155905922383067,12.45,96
Escola Cliente 30,55,1,0.89,12.83,100
Escola Cliente 31,1253,0.9991697394830046,0.9106572069,4.55,100
Escola Cliente 32,342,0.99,0.74,3.21,100
Escola Cliente 33,440,0.9835015563095,0.7788269577089,3.86,99
Escola Cliente 34,425,0.99996904025,0.864290237249048,9.3,100
Escola Cliente 35,61,1,0.84,9.25,100
Escola Cliente 36,128,0.9998972039,0.91016,2.95,100
Escola Cliente 37,873,0.9847783409016,0.8168813790094,3.47,99
Escola Cliente 38,358,0.990566461627905,0.87,3.89,56
Escola Cliente 39,54,1,0.9347011,10.47,94
Escola Cliente 40,335,0.9965013130821009,0.91880142088,9.18,93
Escola Cliente 41,677,0.98018,0.8849064,3.29,92
Escola Cliente 42,104,0.990266673221038,0.8544787727768504,2.63,96
Escola Cliente 43,330,1,0.7555603591261043,5.25,96
Escola Cliente 44,290,0.993858043,0.9055092954051,7.6,97
Escola Cliente 45,497,0.997550975792059,0.901,3.92,93
Escola Cliente 46,415,0.9996837045,0.786046,11.31,95
Escola Cliente 47,1278,0.8783075,0.165365668944065,0.0087,84
Escola Cliente 48,133,1,0.88,3.41,97
Escola Cliente 49,535,0.9958642629694606,0.8635830542032,4.84,96
Escola Cliente 50,830,0.996167845396091,0.84273566401083,4.78,87
Escola Cliente 51,783,0.9996104881994403,0.84442686160205,11.57,91
Escola Cliente 52,847,0.992949550182027,0.83566038,10.68,93
Escola Cliente 53,676,0.9987971986511301,0.8432402282023,12.36,96
Escola Cliente 54,1193,1,0.7897421229048046,8.8,96
Escola Cliente 55,63,1,0.703377332042,10.32,95
Escola Cliente 56,363,0.9863973943085,0.6824260868420904,2.97,95
Escola Cliente 57,509,0.99994768232709,0.86,8.29,94
Escola Cliente 58,1701,0.999116182063,0.89,2.56,96
Escola Cliente 59,752,0.9995074204012,0.838424090758509,4.66,94
Escola Cliente 60,335,0.99817774343059,0.8387419573318807,9.6,94
Escola Cliente 61,1189,0.99862023,0.60276991909012,15.64,92
Escola Cliente 62,329,1,0.892906,12.65,28
Escola Cliente 63,293,1,0.79355058,6.65,94
Escola Cliente 64,691,0.9997676015,0.88019058,9.39,94
Escola Cliente 65,63,0.998987854251012,0.836776042,6.43,91
Escola Cliente 66,869,0.987368862881103,0.84,4.17,94
Escola Cliente 67,519,0.999796686021,0.85,10.12,94
Escola Cliente 68,227,0.99644753016,0.749764996612033,6.07,82
Escola Cliente 69,462,1,0.81,7.51,94
Escola Cliente 70,216,0.995473592493071,0.90261796049,11.51,94
Escola Cliente 71,224,1,0.920035,6.52,93
Escola Cliente 72,230,0.991081152087,0.932020017397018,1.83,93
Escola Cliente 73,370,0.98,0.85,13.52,93
Escola Cliente 74,138,0.99617083501091,0.9282192302047,12.77,92
Escola Cliente 75,73,0.984380237900097,0.916785866870029,11.07,92
Escola Cliente 76,12,1,0.917706268058,12.83,92
Escola Cliente 77,1092,0.99998795065,0.832863911034,12.91,94
Escola Cliente 78,118,0.998081,0.93,8.56,88
Escola Cliente 79,352,1,0.8,4.17,93
Escola Cliente 80,638,0.96,0.533575959016,2.1,92
Escola Cliente 81,670,0.9990957088922603,0.91,7.97,93
Escola Cliente 82,102,1,0.9067,4.03,92
Escola Cliente 83,100,0.9996053,0.901217012,12.14,88
Escola Cliente 84,418,0.997580548660019,0.84,8.29,88
Escola Cliente 85,689,0.987965089,0.904703,4.09,90
Escola Cliente 86,231,0.9955710054942051,0.8426684654004608,7.16,91
Escola Cliente 87,397,0.996411797689017,0.85,8.41,88
Escola Cliente 88,484,1,0.848632169081,9.25,91
Escola Cliente 89,1504,0.971776485047056,0.87,2.89,91
Escola Cliente 90,677,0.99,0.80088,2.64,91
Escola Cliente 91,371,1,0.905240794993007,4.4,79
Escola Cliente 92,909,0.99786055,0.7367252395054,8.5,88
Escola Cliente 93,84,0.95282370385022,0.78,3.58,88
Escola Cliente 94,75,0.99614035088,0.9073,4.93,88
Escola Cliente 95,339,0.997015,0.9249938192015056,7.29,63
Escola Cliente 96,397,0.37880018,0.24881723994086058,0.73,90
Escola Cliente 97,1614,0.995648029,0.81829029,4.78,88
Escola Cliente 98,173,0.9849710093843098,0.76064,3.61,88
Escola Cliente 99,66,0.9976601952642802,0.949469053,6.83,88
Escola Cliente 100,198,0.9982078,0.91,9.98,88
Escola Cliente 101,284,1,0.9507921166935904,26.94,88
Escola Cliente 102,1529,0.99045,0.91021,7.08,88
Escola Cliente 103,934,1,0.8533705130026027,3,88
Escola Cliente 104,297,0.99265259884019,0.81361922039,7.68,88
Escola Cliente 105,454,1,0.912465891356053,11.14,88
Escola Cliente 106,557,0.9997876909189066,0.87,8.25,88
Escola Cliente 107,369,0.92,0.87,9.47,87
Escola Cliente 108,646,0.99983565441056,0.8237764974600066,6.38,88
Escola Cliente 109,270,0.984133012033,0.50174944386098,3.75,87
Escola Cliente 110,929,0.99,0.87705342573044,2.53,88
Escola Cliente 111,425,0.9954766255712909,0.8550013772081,4.47,87
Escola Cliente 112,114,1,0.896624939392034,7.45,88
Escola Cliente 113,452,0.9879135043014,0.7038740114248072,4.06,88
Escola Cliente 114,131,0.99,0.9316835811048,7.03,87
Escola Cliente 115,83,0.9988645247029,0.8535938672693207,18.09,88
Escola Cliente 116,629,1,0.7550276825089033,3.35,87
Escola Cliente 117,277,1,0.916573027,5.84,54
Escola Cliente 118,109,0.9992552135055,0.9161844289844401,8.43,88
Escola Cliente 119,623,0.98328088,0.770245870033,4.95,86
Escola Cliente 120,256,0.9951617635054,0.6676475153098,2.82,87
Escola Cliente 121,1335,0.972230615918083,0.7058,2.31,85
Escola Cliente 122,301,0.996030874005,0.8967869595047,5.68,86
Escola Cliente 123,623,0.9816011836501073,0.7066,3.12,85
Escola Cliente 124,513,0.99,0.77085,2.06,84
Escola Cliente 125,380,0.9883209052,0.9065,6.07,85
Escola Cliente 126,115,1,0.9071087063,8.72,83
Escola Cliente 127,68,1,0.94,10.17,83
Escola Cliente 128,423,1,0.8,3.61,83
Escola Cliente 129,213,0.99993851451058,0.829049541042,3.35,83
Escola Cliente 130,224,0.997526019953076,0.77,6.03,82
Escola Cliente 131,390,1,0.878037,3.12,84
Escola Cliente 132,199,0.9999318243796019,0.8819386966063,9.77,84
Escola Cliente 133,134,0.98,0.77217700072,1.98,84
Escola Cliente 134,964,0.9913943558739508,0.83,5.69,84
Escola Cliente 135,240,0.9995095,0.8210801575836032,7.82,84
Escola Cliente 136,549,0.96054,0.86829165084,3.88,83
Escola Cliente 137,265,0.983924046773036,0.5658335227379506,1.09,84
Escola Cliente 138,314,1,0.8159352555694406,15.43,82
Escola Cliente 139,743,1,0.8625306964931065,1.82,83
Escola Cliente 140,1190,0.97235057672095,0.6954635579926014,4.25,82
Escola Cliente 141,282,0.9953191087,0.84308099,6.18,82
Escola Cliente 142,463,0.97261310814048,0.8587212692968089,3.71,82
Escola Cliente 143,434,1,0.83,5.13,83
Escola Cliente 144,342,0.99972807339079,0.82,3.49,83
Escola Cliente 145,174,1,0.9106542913784409,6.13,82
Escola Cliente 146,931,0.99631599078,0.8170735549095095,7.8,81
Escola Cliente 147,557,0.9930373815909901,0.835068073,9.3,82
Escola Cliente 148,516,1,0.8541047,12.13,82
Escola Cliente 149,245,0.98,0.9575948870608503,2.91,82
Escola Cliente 150,1882,0.9789354805082,0.77,5.84,81
Escola Cliente 151,862,0.952024069,0.82,12.16,82
Escola Cliente 152,126,0.97,0.67236378731043,0.780383973842801,81
Escola Cliente 153,483,0.9996704212064,0.79,6.1,81
Escola Cliente 154,121,0.9912715379099,0.8368789009737704,11.65,81
Escola Cliente 155,37,1,0.897916015,7.37,81
Escola Cliente 156,465,0.9947014,0.86,5.94,81
Escola Cliente 157,574,0.96,0.75,5.26,83
Escola Cliente 158,814,0.981928615669096,0.87,5.49,83
Escola Cliente 159,50,1,0.90531734025,4.55,81
Escola Cliente 160,255,0.9997022,0.8798559436844602,11.52,78
Escola Cliente 161,404,0.993854863177806,0.751036,1.66,81
Escola Cliente 162,517,0.99779869663048,0.8105880988819065,4,81
Escola Cliente 163,876,0.99660096,0.87263904782043,5.07,81
Escola Cliente 164,481,0.9996686928112014,0.59780322305,3.56,81
Escola Cliente 165,367,1,0.83,1.9,79
Escola Cliente 166,394,0.9962417554032,0.8736936178096,3.76,80
Escola Cliente 167,38,1,0.96,9.31,80
Escola Cliente 168,90,1,0.94,22.1,77
Escola Cliente 169,55,0.9618825037130047,0.92679739381066,16.72,78
Escola Cliente 170,780,0.99961200670044,0.768023,10.69,80
Escola Cliente 171,568,0.99026,0.812685052,8.24,80
Escola Cliente 172,273,1,0.8969342461044,6.96,79
Escola Cliente 173,486,0.9931450376159803,0.801048,9.42,76
Escola Cliente 174,245,1,0.8009985077551085,2.48,79
Escola Cliente 175,451,0.96738086,0.7042,5.22,79
Escola Cliente 176,144,1,0.88381023622017,13.25,77
Escola Cliente 177,73,0.99267243451093,0.834506277072,3.91,79
Escola Cliente 178,430,0.9968405842939078,0.81391991058,2.78,76
Escola Cliente 179,487,0.993357447045029,0.9162120167087,6.1,76
Escola Cliente 180,428,1,0.7906615069084,4.37,79
Escola Cliente 181,411,0.952126153300043,0.6,2.29,76
Escola Cliente 182,1055,0.8907490074896804,0.6996973518066,6.99,76
Escola Cliente 183,736,0.92,0.69,3.99,76
Escola Cliente 184,927,0.98567055,0.8463172997825107,2.99,79
Escola Cliente 185,455,0.995043,0.86704011,6.25,79
Escola Cliente 186,627,0.9996013420025,0.834683093,10.94,76
Escola Cliente 187,66,0.9996043,0.9089092629756804,11.57,78
Escola Cliente 188,463,0.993181557718025,0.778996547646036,1.09,73
Escola Cliente 189,191,0.99,0.86,15.76,52
Escola Cliente 190,782,0.9999831092,0.830032169602,4.93,75
Escola Cliente 191,348,0.99996968227019,0.723875094,6.07,74
Escola Cliente 192,732,1,0.8701440749910081,4.14,76
Escola Cliente 193,436,1,0.906578011,5.65,76
Escola Cliente 194,191,0.9947318098,0.93,14.54,76
Escola Cliente 195,132,1,0.952255231518008,4.58,76
Escola Cliente 196,103,1,0.8995293084,6.46,76
Escola Cliente 197,416,0.99782941493042,0.77,13.88,76
Escola Cliente 198,242,0.9993468581591014,0.9378082,11.72,76
Escola Cliente 199,160,0.997697368421053,0.88,9.98,76
Escola Cliente 200,503,0.99994804380036,0.7780986369569074,16.26,76
Escola Cliente 201,593,0.98911214818091,0.68075,0.6584521612058,73
Escola Cliente 202,272,0.99802063803,0.862205219773062,3.26,76
Escola Cliente 203,1518,0.998005244072082,0.52094061,11.17,76
Escola Cliente 204,852,0.97,0.8858862715083,6.22,76
Escola Cliente 205,364,1,0.78,8.25,75
Escola Cliente 206,324,0.99955036,0.86,11.97,76
Escola Cliente 207,423,0.96,0.6294747084,6.44,76
Escola Cliente 208,0,,,,77
Escola Cliente 209,387,0.9993621498092,0.6204097049,2.78,76
Escola Cliente 210,312,1,0.672294457754044,4.47,76
Escola Cliente 211,636,0.9997097,0.87,5.04,76
Escola Cliente 212,247,0.98,0.67,4.8,75
Escola Cliente 213,1353,0.9963110304204404,0.8153629544343026,13.46,76
Escola Cliente 214,161,0.99991511036,0.90792321063,8.94,75
Escola Cliente 215,209,0.94,0.6289644503,3.64,75
Escola Cliente 216,390,0.9989444838331903,0.77254751064,1.89,73
Escola Cliente 217,315,0.97024,0.83,2.09,73
Escola Cliente 218,359,1,0.9,5.55,75
Escola Cliente 219,173,0.998091048,0.82238004771048,6.7,74
Escola Cliente 220,604,0.943841907355074,0.7,1.47,72
Escola Cliente 221,268,0.9935405007963062,0.7657751130066,2.72,74
Escola Cliente 222,320,0.99,0.87,5.24,73
Escola Cliente 223,383,0.98,0.706972648118087,6.07,73
Escola Cliente 224,110,1,0.90030036,13.61,73
Escola Cliente 225,321,1,0.79,12.31,73
Escola Cliente 302,8,0.989766082,0.13,1.85,63
Escola Cliente 226,110,0.999877029021,0.91520807856091,6.64,73
Escola Cliente 227,302,0.91457055,0.63,0.963033077,72
Escola Cliente 228,410,0.9959173062887509,0.89,4.09,72
Escola Cliente 229,808,1,0.85,10.2,71
Escola Cliente 230,569,0.99920499506061,0.864971055,7.95,72
Escola Cliente 231,673,1,0.690333992691067,1.47,73
Escola Cliente 232,107,0.9962453303069,0.859130151,6.78,72
Escola Cliente 233,203,0.99,0.83689961135052,13,72
Escola Cliente 234,80,0.97,0.8559085,10.6,72
Escola Cliente 235,971,0.9550305269075,0.79,3.61,62
Escola Cliente 236,402,0.99568548069,0.8316067318061,6.75,70
Escola Cliente 237,256,0.990892411520094,0.8292218422685034,6.59,72
Escola Cliente 238,423,0.98669494032025,0.896447708,7.43,70
Escola Cliente 239,159,0.990002072042,0.87,3.39,70
Escola Cliente 240,254,0.99994840041,0.7964336814637077,5.01,70
Escola Cliente 241,1086,1,0.8715013,11.88,70
Escola Cliente 242,196,0.959756172421021,0.67,4.68,70
Escola Cliente 243,94,0.99,0.6803322962255077,2.08,69
Escola Cliente 244,247,0.999622076,0.76419451062,8.09,70
Escola Cliente 245,116,0.998255738284052,0.953782077,7.05,70
Escola Cliente 246,121,1,0.95048546077,8.96,70
Escola Cliente 247,561,0.9946631439706302,0.9009079,7.67,70
Escola Cliente 248,773,0.99967598769048,0.87428462701093,9.81,69
Escola Cliente 249,355,1,0.889540332119027,8.13,69
Escola Cliente 250,567,1,0.9171161800053,6.56,69
Escola Cliente 251,375,0.98,0.590054,9.53,70
Escola Cliente 252,205,0.99980713081,0.8750796918984018,8.9,69
Escola Cliente 253,47,0.998019670388091,0.938166180877205,9.38,69
Escola Cliente 254,705,1,0.841011,4.31,68
Escola Cliente 255,398,1,0.76,18.17,69
Escola Cliente 256,179,0.999122807018,0.9017,9.88,69
Escola Cliente 257,526,0.9979549143018,0.46,10.95,68
Escola Cliente 258,290,1,0.85,12.06,69
Escola Cliente 259,153,0.99,0.878361301698073,21.67,69
Escola Cliente 260,754,0.9907179023,0.84086,10.05,68
Escola Cliente 261,312,0.999068108015,0.78,10.89,68
Escola Cliente 262,647,1,0.814524412866065,3.53,67
Escola Cliente 263,207,0.99636045,0.900867109,7.16,67
Escola Cliente 264,883,1,0.665203242037,16.07,68
Escola Cliente 265,679,0.919893114989406,0.46,5.9,68
Escola Cliente 266,150,0.99051,0.674643818027,3.02,68
Escola Cliente 267,475,0.98,0.78063,4.63,63
Escola Cliente 268,332,0.992018,0.74,3.49,63
Escola Cliente 269,88,1,0.8693023,4.7,64
Escola Cliente 270,251,0.99490326607031,,,64
Escola Cliente 271,176,0.99,0.8730380934608707,17.1,67
Escola Cliente 272,488,0.99,0.839118135931099,11.57,67
Escola Cliente 273,874,0.9988568986014,0.820301646183038,6.72,67
Escola Cliente 274,156,0.9993305948900307,0.94730054,11.23,65
Escola Cliente 275,273,1,0.84832019067,8.44,64
Escola Cliente 276,282,0.996479059,0.86830018,6.25,66
Escola Cliente 277,281,0.9892571298625402,0.76,5.45,63
Escola Cliente 278,93,1,0.934193066035,18.19,67
Escola Cliente 279,542,0.987351,0.705793064,4.19,63
Escola Cliente 280,1256,0.997890920091,0.81083,7.3,66
Escola Cliente 281,73,0.9776033,0.88609427023,9.16,64
Escola Cliente 282,286,0.9,0.484012,1.15,63
Escola Cliente 283,430,0.9989177806713209,0.8581252955063,8.07,63
Escola Cliente 284,212,0.9998111307,0.94,6.85,64
Escola Cliente 285,123,0.91239445157053,0.5215346812635013,1.86,64
Escola Cliente 286,348,0.987619966032,0.82,2.94,64
Escola Cliente 287,334,0.9875962113809041,0.7828668111980809,2,64
Escola Cliente 288,101,1,0.9259381487970051,13.25,65
Escola Cliente 289,487,0.9961084,0.8385357907029037,5.08,64
Escola Cliente 290,327,0.99918825628028,0.885327154841026,4.27,63
Escola Cliente 291,506,0.99682058,0.78019,2.6,63
Escola Cliente 292,85,1,0.90288212641,10.04,65
Escola Cliente 293,182,1,0.87018697029,10.99,64
Escola Cliente 294,42,1,0.982014,16.88,64
Escola Cliente 295,194,1,0.92,6.95,64
Escola Cliente 296,66,0.99,0.9404213538962068,6.69,64
Escola Cliente 297,32,1,0.8989862128074,11.19,63
Escola Cliente 298,95,0.98,0.9040724877710042,10.1,64
Escola Cliente 299,429,1,0.762909776083071,4.74,63
Escola Cliente 300,472,1,0.19028,1,64
Escola Cliente 301,716,0.99,0.6425699136095014,2.08,62
Escola Cliente 303,215,0.95778743247063,0.5992865434107,1.25,63
Escola Cliente 304,186,1,0.931443932048,14.95,63
Escola Cliente 305,909,0.978290725055,0.57572824065,7.67,63
Escola Cliente 306,67,1,0.95,9.03,63
Escola Cliente 307,637,0.9975531905458702,0.838306829658018,4.84,62
Escola Cliente 308,235,1,0.86,8.05,63
Escola Cliente 309,101,1,0.75466289617024,5.25,63
Escola Cliente 310,26,0.8315749627525032,0.3723005184077,0.584315512283012,62
Escola Cliente 311,177,0.91,0.3877319238674066,1.64,63
Escola Cliente 312,620,0.9421035484963054,0.73696745062,2.9,62
Escola Cliente 313,69,0.9828410562771095,0.7869297319307046,5.45,62
Escola Cliente 314,213,0.95,0.5310541,6.69,62
Escola Cliente 315,514,0.98957138777028,0.832034163073,5.5,60
Escola Cliente 316,695,0.994320107,0.8168082,3.98,62
Escola Cliente 317,78,0.99947368421053,0.929979326103096,10.88,61
Escola Cliente 318,765,0.996255175406073,0.7090591365685066,5.92,61
Escola Cliente 319,559,0.9951481578611038,0.76336029,17.19,61
Escola Cliente 320,269,0.9982389875562035,0.83,11.53,61
Escola Cliente 321,614,0.98553026,0.79043,3.26,60
Escola Cliente 322,348,0.9999244845229025,0.8,9.04,61
Escola Cliente 323,162,1,0.85,12.33,61
Escola Cliente 324,218,1,0.818088,7.08,61
Escola Cliente 325,50,1,0.8928077527489071,12.21,61
Escola Cliente 326,484,0.99630063072,0.79499728011,5.52,61
Escola Cliente 327,89,0.9998521584861029,0.7539676764580037,10.11,61
Escola Cliente 328,461,0.751357300083,0.497449709,7.9,60
Escola Cliente 329,1207,0.98,0.74,11.24,59
Escola Cliente 330,393,1,0.8631952084055,5.76,60
Escola Cliente 331,744,1,0.72617721231025,7.15,61
Escola Cliente 332,640,1,0.84,7.79,60
Escola Cliente 333,449,0.9968033,0.848936375078,9.27,60
Escola Cliente 334,2035,0.97,0.8494715783227089,7.31,60
Escola Cliente 335,284,0.97,0.7688098012,6.43,60
Escola Cliente 336,18,0.8846629117944504,0.85379959099,7.1,58
Escola Cliente 337,176,0.9978593040950013,0.9,15.07,56
Escola Cliente 338,211,1,0.85,8.35,61
Escola Cliente 339,1265,0.99862257035089,0.756064,5.47,60
Escola Cliente 340,146,1,0.91,17.35,60
Escola Cliente 341,316,0.9997903125274092,0.93843115078,9.75,56
Escola Cliente 342,115,0.999765038,0.92,12.76,60
Escola Cliente 343,1634,0.97,0.50654270171046,3.69,59
Escola Cliente 344,66,0.93025,0.77422116655904,0.3752778727047,60
Escola Cliente 345,988,0.999814076,0.7239190574645068,3.26,59
Escola Cliente 346,204,0.99341984079,0.564400099,3.87,59
Escola Cliente 347,346,0.98644016,0.68,9.03,59
Escola Cliente 348,76,0.976699377682056,0.8709734975402065,12.13,50
Escola Cliente 349,54,1,0.8604665068,13.11,55
Escola Cliente 350,139,0.9995053423031,0.91552048,12.1,57
Escola Cliente 351,196,0.9897186851045,0.91154117706052,7.17,58
Escola Cliente 352,967,0.98919592081036,0.656048411099052,5.1,57
Escola Cliente 353,375,1,0.87055,6.12,57
Escola Cliente 354,120,1,0.8919009434024031,12.78,57
Escola Cliente 355,832,1,0.8489343383531093,13.09,57
Escola Cliente 356,66,0.99980064,0.88639581545085,5.68,58
Escola Cliente 357,101,0.977022,0.880793621069,13.45,58
Escola Cliente 358,83,1,0.8968293438025,13.4,55
Escola Cliente 359,147,0.998943184209,0.927076,9.28,56
Escola Cliente 360,56,0.999530075,0.86129480047,14.25,55
Escola Cliente 361,435,0.996636944604074,0.8430277147048,8.7,56
Escola Cliente 362,196,0.999365178713064,0.95201509047,13.56,56
Escola Cliente 363,131,1,0.9419292191318609,4.07,53
Escola Cliente 364,579,0.98,0.577027,4.89,56
Escola Cliente 365,96,1,0.92104330525089,10.86,56
Escola Cliente 366,739,0.99977068,0.85017,9.21,56
Escola Cliente 367,422,0.95967233889055,0.6002068023,4.52,51
Escola Cliente 368,153,0.9975879093,0.82,3.94,55
Escola Cliente 369,43,1,0.8175300698296408,3.2,56
Escola Cliente 370,298,0.99,0.85,6.34,55
Escola Cliente 371,444,0.99028,0.76,1.25,56
Escola Cliente 372,326,0.926399722405015,0.7006093,2.55,56
Escola Cliente 373,368,0.98,0.65,7.97,55
Escola Cliente 374,431,0.9985738048,0.697676851027,8.01,56
Escola Cliente 375,623,1,0.85046,8.44,55
Escola Cliente 376,105,1,0.90996037,15.19,51
Escola Cliente 377,655,0.99,0.6566053799802,3.7,55
Escola Cliente 378,347,1,,,54
Escola Cliente 379,221,0.9884935297039,0.5603069031,2.3,56
Escola Cliente 380,39,0.9959847437543201,0.8938044044,7.73,56
Escola Cliente 381,612,0.999913682955406,0.90125021330088,6.05,65
Escola Cliente 382,687,1,0.8786559402025,6.65,50
Escola Cliente 383,786,1,0.7983082,3.63,52
Escola Cliente 384,139,0.9947444092,0.88623454514073,13.36,51
Escola Cliente 385,199,0.9423172861063,0.7721853067,0.9584060863058,51
Escola Cliente 386,313,0.9999131492097,0.82,8.17,52
Escola Cliente 387,409,1,0.8538279679047,15.95,52
Escola Cliente 388,866,0.999832955011,0.907027,5.22,54
Escola Cliente 389,426,0.99,0.91385609235098,5.67,52
Escola Cliente 390,323,0.9978081,0.87271760082,13.12,51
Escola Cliente 391,75,0.998187535048,0.67,4.93,55
Escola Cliente 392,376,0.96,0.3520478066032,0.4092657620279062,54
Escola Cliente 393,910,0.971584578668069,0.5870741041595904,3.26,52
Escola Cliente 394,147,0.99991049051,0.87,8.79,54
Escola Cliente 395,128,0.9969085,0.93,6.3,52
Escola Cliente 396,870,0.97,0.700349024,11.41,50
Escola Cliente 397,153,1,0.74,10.02,52
Escola Cliente 398,213,1,0.88,7.4,52
Escola Cliente 399,753,0.9999467756185901,0.87,15.13,27
Escola Cliente 400,160,0.972644952053,0.76940360033,11.22,51
Escola Cliente 401,135,1,0.9288632422379508,9.71,35
Escola Cliente 402,57,1,0.8700123749354609,7.99,52
Escola Cliente 403,626,1,0.7766257052,6.9,43
Escola Cliente 404,132,0.980962015,0.79939305920014,7.2,52
Escola Cliente 405,50,0.99852881680091,0.84,4.68,51
Escola Cliente 406,66,1,0.923212062,4.54,52
Escola Cliente 407,69,0.9965449874065,0.84099,5.82,51
Escola Cliente 408,194,1,0.9073679339295208,6.09,52
Escola Cliente 409,282,0.994304351604077,0.7054,9.13,52
Escola Cliente 410,347,0.9998474446987032,0.8773057,11.39,52
Escola Cliente 411,124,0.991571,0.90714067,5.8,52
Escola Cliente 412,138,0.99063,0.86033,10.43,51
Escola Cliente 413,215,0.99440208485082,0.81099077095,8.81,51
Escola Cliente 414,149,0.98827806185018,0.87812735072043,7.29,50
Escola Cliente 415,605,0.99752431058,0.68216088,9.39,50
Escola Cliente 416,330,1,0.8653775343904067,6.88,52
Escola Cliente 417,30,0.97,0.9461292707,7.72,51
Escola Cliente 418,42,0.99,0.9103288734094905,5.83,51
Escola Cliente 419,318,0.9995135701983097,0.786154537017,7.55,50
Escola Cliente 420,122,0.9987992967957081,0.86,7.04,51
Escola Cliente 421,582,0.9847797334072,0.735083252031,3.33,51
Escola Cliente 422,1043,0.938869820998301,0.67,2.37,51
Escola Cliente 423,177,0.98247663010014,0.870141331231071,4.49,39
Escola Cliente 424,334,0.9998428908091,0.8239205638192606,6.52,50
Escola Cliente 425,49,1,0.9651990036,10.69,51
Escola Cliente 426,509,0.99692035,0.80705045,4.31,50
Escola Cliente 427,466,0.97122043,0.7430968348055,5.04,50
Escola Cliente 428,297,0.99,0.8414954558971035,3.93,50
Escola Cliente 429,165,0.9968619774158082,0.84651589091,7.34,50
Escola Cliente 430,121,0.9931691434298408,0.83,9.25,50
Escola Cliente 431,96,0.9950028675333401,0.8830032401723016,14.28,50
Escola Cliente 432,933,0.9978073,0.8068851861025,2.24,50
Escola Cliente 433,160,0.9076,0.6922024623803009,0.34,44
Escola Cliente 434,112,0.99258013,0.82960752384087,9.35,50
Escola Cliente 435,323,0.99,0.68125036,6.5,49
Escola Cliente 436,202,1,0.930027870811,10.75,50
Escola Cliente 437,237,0.996770298017,0.79,9.23,49
Escola Cliente 438,380,1,0.8,4.7,50
Escola Cliente 439,195,0.98951702971054,0.83350369984093,8.33,50
Escola Cliente 440,174,0.9907351326380013,0.7816206044,4.17,50
Escola Cliente 441,109,0.9000092294421022,0.8863039,6.19,50
Escola Cliente 442,345,0.99,0.660076,3.41,50
Escola Cliente 443,639,0.890564641055061,0.7,2.65,50
Escola Cliente 444,137,0.9997187020820073,0.82553052,9.96,50
Escola Cliente 445,67,0.974083,0.88711027,10.94,50
Escola Cliente 446,124,0.986969099492055,0.8297062533088,10.11,50
Escola Cliente 447,109,0.99,0.88,16.97,50
Escola Cliente 448,193,0.963792033,0.857922664046,6.35,50
Escola Cliente 449,103,0.99145657261077,0.8571662081553303,10.52,50
Escola Cliente 450,411,1,0.89,10.6,49
Escola Cliente 451,250,0.9842519685039,0.68,8.53,49
Escola Cliente 452,427,0.993633991748044,0.654016,10.24,49
Escola Cliente 453,157,0.999913434903047,0.93,12.46,49
Escola Cliente 454,66,1,0.83,5.23,49
Escola Cliente 455,293,1,0.848047,8.81,49
Escola Cliente 456,95,1,0.88,6.18,49
Escola Cliente 457,612,1,0.85,6.42,48
Escola Cliente 458,70,0.99301747015,0.8877064,7.74,48
Escola Cliente 459,516,0.9878155822733067,0.65,2.58,48
Escola Cliente 460,613,0.9880842956914069,0.8227709051304802,7.14,48
Escola Cliente 461,63,0.9929627034,0.848545084,8.47,47
Escola Cliente 462,61,0.9432472375551402,0.69,1.73,48
Escola Cliente 463,532,0.91,0.493075,8.69,47
Escola Cliente 464,205,0.95,0.71381017,3.7,47
Escola Cliente 465,278,0.999952839087,0.87068576029,5.57,46
Escola Cliente 466,49,1,0.8644035481,7.42,46
Escola Cliente 467,128,0.998738391986065,0.9238472250252403,6.69,46
Escola Cliente 468,459,0.9958825498931709,0.87,5.83,46
Escola Cliente 469,1739,0.99734032,0.84793084,5.16,46
Escola Cliente 470,36,0.9996345029,0.6751851931079,2,45
Escola Cliente 471,637,0.95,0.5608087,2.23,45
Escola Cliente 472,206,1,0.8654359011087,8.78,45
Escola Cliente 473,230,0.9956312249335504,0.91183676308,8.38,45
Escola Cliente 474,141,0.992858069047,0.936067,15.13,45
Escola Cliente 475,128,0.957070512874092,0.7856091,1.63,42
Escola Cliente 476,866,0.99992403063085,0.82007017074,5.01,44
Escola Cliente 477,244,0.96,0.6601267981748402,2.89,45
Escola Cliente 478,120,1,0.57,8.35,44
Escola Cliente 479,230,1,0.879079,7.26,44
Escola Cliente 480,150,0.82,0.87080137803093,8.93,44
Escola Cliente 481,70,0.9838795198089,0.9539448006,9.56,44
Escola Cliente 482,790,0.9891971013059,0.6432595886122094,2.9,44
Escola Cliente 483,74,0.9969772404,0.8495286313045,23.93,44
Escola Cliente 484,577,1,0.86353729463024,8.93,44
Escola Cliente 485,318,0.999876258043,0.87,7.23,44
Escola Cliente 486,112,1,0.9349308661897064,9.77,43
Escola Cliente 487,570,0.9969381703640307,0.8965626587052,5.33,40
Escola Cliente 488,962,1,0.89,11.73,43
Escola Cliente 489,220,0.995319142035081,0.93,7.49,43
Escola Cliente 490,872,0.994826045,0.8097254099,13,40
Escola Cliente 491,328,1,0.8017,10.77,39
Escola Cliente 492,618,0.8649161242011701,0.6352034,4.51,43
Escola Cliente 493,175,0.992846036056,0.88696844885063,13.35,35
Escola Cliente 494,748,1,0.7905098,7.35,41
Escola Cliente 495,142,0.99,0.811551608507015,3.16,42
Escola Cliente 496,571,0.684956324084,0.21,1.23,42
Escola Cliente 497,152,0.83950029,0.3854372087,5.65,42
Escola Cliente 498,140,1,0.8146151017044901,3.06,38
Escola Cliente 499,23,1,0.9064772339032,8.6,42
Escola Cliente 500,163,0.931882497069,0.491267085016,0.57,41
Escola Cliente 501,128,0.99528079,0.7296332096,9.22,40
Escola Cliente 502,199,0.99365714838304,0.88,5.83,41
Escola Cliente 503,151,1,0.88,9.51,39
Escola Cliente 504,20,1,0.97,6.94,41
Escola Cliente 505,110,0.9520412410086,0.62,0.86,41
Escola Cliente 506,57,0.999064,0.91092,6.31,40
Escola Cliente 507,381,0.9989197503457206,0.708852288746093,14.25,39
Escola Cliente 508,421,0.99,0.8033785113647005,4.21,40
Escola Cliente 509,71,0.9890516766864027,0.89,5.41,39
Escola Cliente 510,219,0.97879348064,0.5757096,7.53,41
Escola Cliente 511,140,0.98247471045,0.713329897015,0.85892432095,41
Escola Cliente 512,278,0.992248749097,0.45032,1.17,41
Escola Cliente 513,94,0.9944914063147904,0.8470025,8.24,40
Escola Cliente 514,232,0.96659690082,0.88,8.98,40
Escola Cliente 515,98,0.9860055192824203,0.85,6.95,39
Escola Cliente 516,523,0.94,0.44435039,1.21,41
Escola Cliente 517,138,0.9998050682261209,0.95048,12.43,41
Escola Cliente 518,491,0.99,0.8285081151,4.7,40
Escola Cliente 519,37,0.99680462053,0.757065,21.64,41
Escola Cliente 520,195,0.984096061,0.96067,8.55,39
Escola Cliente 521,894,0.99714025,0.8251348043029,3.1,40
Escola Cliente 522,145,0.99673902029,0.894468197016,16.53,41
Escola Cliente 523,72,1,0.96,5.52,39
Escola Cliente 524,742,1,0.85,11.65,40
Escola Cliente 525,269,1,0.88488567093,9.98,36
Escola Cliente 526,47,0.9976076555024,0.947599017,6.17,39
Escola Cliente 527,406,0.963225035087,0.773580908003077,5.32,38
Escola Cliente 528,262,0.9949067,0.83,11.15,40
Escola Cliente 529,286,0.996012,0.79,19.92,40
Escola Cliente 530,73,0.9949215972085209,0.801246706069,5.64,39
Escola Cliente 531,31,0.7750000000000001,0.67,0.15,40
Escola Cliente 532,92,0.9990637012,0.927152272088,9.22,40
Escola Cliente 533,30,1,0.94,6.21,39
Escola Cliente 534,149,0.9543705029,0.85732606058,11.15,39
Escola Cliente 535,135,0.9955646092883509,0.885044338914081,11.32,39
Escola Cliente 536,150,0.986612881533037,0.86,3.13,40
Escola Cliente 537,348,0.9957329218479606,0.77,9.37,39
Escola Cliente 538,155,0.999140565317036,0.901905649063,8.38,39
Escola Cliente 539,140,1,0.9084301245085,9.16,39
Escola Cliente 540,945,0.99171480065,0.845495029,7.06,39
Escola Cliente 541,481,0.9813572990078,0.4760998381221409,9.01,39
Escola Cliente 542,896,0.98625161047,0.738211011077,4.56,39
Escola Cliente 543,92,0.9998470012239903,0.8875371360708,8.38,39
Escola Cliente 544,148,0.9541412808257708,0.6659019,1.72,39
Escola Cliente 545,108,0.98,0.8059024,7.76,39
Escola Cliente 546,953,0.83,0.724955315512063,7.13,39
Escola Cliente 547,1474,0.998393338307013,0.89,5.7,38
Escola Cliente 548,422,0.9724940128978062,0.8671046,4.5,38
Escola Cliente 549,167,0.93,0.75,4.34,34
Escola Cliente 550,444,0.9997077,0.827283038,17.29,39
Escola Cliente 551,52,1,0.7,7.07,39
Escola Cliente 552,485,0.9909093,0.8549401169609,6.66,39
Escola Cliente 553,304,0.9758028,0.73,8.09,38
Escola Cliente 554,85,0.9992149047317088,0.908190621898053,20.2,37
Escola Cliente 555,22,1,0.92267588033,12.63,36
Escola Cliente 556,219,0.9893731400567208,0.81632802,5.85,38
Escola Cliente 557,58,0.9544035014,0.7641395536067074,1.58,37
Escola Cliente 558,61,0.99766069036,0.82,2.69,36
Escola Cliente 559,635,0.99468386041056,0.784302046350079,2.53,36
Escola Cliente 560,36,0.999613003096,0.90405077,2.59,37
Escola Cliente 561,31,0.9873690065,0.66,0.418536290753056,33
Escola Cliente 562,31,0.9754654041,0.8840710610300067,8.52,37
Escola Cliente 563,86,0.987637135749098,0.89,7.85,37
Escola Cliente 564,851,1,0.8268852659591017,9.5,36
Escola Cliente 565,55,0.85278753058,0.7072153016,0.9442274412651043,36
Escola Cliente 566,146,0.94,0.9,1.21,36
Escola Cliente 567,245,0.9954627362090903,0.816027410448083,14.53,35
Escola Cliente 568,98,0.9992998048,0.6316026,8.21,35
Escola Cliente 569,593,1,0.8007753178845708,7.33,35
Escola Cliente 570,0,,,,36
Escola Cliente 571,247,0.7057,0.1528716632015,4.39,33
Escola Cliente 572,456,0.993356681067,0.50459092,22.78,36
Escola Cliente 573,50,0.93,0.854499175029,4.95,36
Escola Cliente 574,277,0.92458558266047,0.47,1.74,35
Escola Cliente 575,1011,0.998646008083,0.889594042,24.56,35
Escola Cliente 576,68,0.998093059,0.810082465102062,13.89,31
Escola Cliente 577,276,0.9942909844690099,0.8958025191709903,4.26,33
Escola Cliente 578,737,0.9457977866035,0.65077,1.55,34
Escola Cliente 579,254,0.986157068,0.835781079,6.44,33
Escola Cliente 580,146,0.999913434903047,0.8243507927654307,6.67,35
Escola Cliente 581,81,0.999471251029,0.86,8.38,34
Escola Cliente 582,548,0.97,0.71550622388906,7.08,33
Escola Cliente 583,391,0.9920541972486047,0.84,6.98,33
Escola Cliente 584,122,0.985268888251032,0.7592921026,9.15,34
Escola Cliente 585,351,0.98,0.676838802084,6.28,33
Escola Cliente 586,207,0.992081922065,0.759167308022,11.6,33
Escola Cliente 587,354,1,0.7760437524542014,10.18,33
Escola Cliente 588,346,0.9827099,0.84474445026,8.54,33
Escola Cliente 589,221,0.9977567256052039,0.93,11.38,33
Escola Cliente 590,203,0.99973037389091,0.86032,18.28,34
Escola Cliente 591,246,1,0.8118311176078,8.36,33
Escola Cliente 592,152,1,0.7540433023774106,3.03,33
Escola Cliente 593,121,0.98828022,0.867933867815036,17.92,33
Escola Cliente 594,755,0.999669308750607,0.864086,12.59,33
Escola Cliente 595,876,0.999969993047,0.856732033,14.07,30
Escola Cliente 596,470,0.98055641017021,0.6735267914357703,4.63,10
Escola Cliente 597,115,0.999093,0.83054926086,6.98,32
Escola Cliente 598,264,0.9962535700576098,0.8035148710369089,9.31,32
Escola Cliente 599,570,0.99560749843027,0.913273571032,13.3,32
Escola Cliente 600,620,1,0.820822991,12.23,27
Escola Cliente 601,1048,0.9942825822916902,0.76,14.39,27
Escola Cliente 602,165,1,0.87029,11.02,32
Escola Cliente 603,115,1,0.8050354161139205,16.64,32
Escola Cliente 604,506,0.998490972019,0.822366991056,9.15,32
Escola Cliente 605,198,0.991840930169078,0.582053661298023,6.37,31
Escola Cliente 606,116,1,0.885068,20.47,32
Escola Cliente 607,234,1,0.82,9.89,32
Escola Cliente 608,298,0.999602314595096,0.87,9.59,27
Escola Cliente 609,85,0.955056,,,32
Escola Cliente 610,280,0.99820928716051,0.7834955026,10.04,29
Escola Cliente 611,710,0.989998819421026,0.7527599000097,4.15,31
Escola Cliente 612,103,1,0.88205075241095,10.37,32
Escola Cliente 613,356,0.99996304,0.87736056,10.82,27
Escola Cliente 614,1023,0.992015,0.76,4.71,31
Escola Cliente 615,487,0.999837889044057,0.74061058,6.43,27
Escola Cliente 616,822,0.984193053706016,0.70316209,10.49,31
Escola Cliente 617,984,1,0.7052,8.15,30
Escola Cliente 618,323,0.99,0.8307648073,4.76,30
Escola Cliente 619,197,0.99,0.81147363892029,10.17,31
Escola Cliente 620,150,0.9998203679453036,0.9327946412900019,14.37,29
Escola Cliente 621,116,1,0.8932865779074,16.5,31
Escola Cliente 622,327,0.999880019,0.848208038,3.17,32
Escola Cliente 623,197,0.9770797842541405,0.66,1.17,32
Escola Cliente 624,247,1,0.86188092772034,9.97,28
Escola Cliente 625,147,0.9968805,0.6142000053,1.73,31
Escola Cliente 626,1234,1,0.745245013,9.96,29
Escola Cliente 627,480,1,0.7785088890358708,12.34,26
Escola Cliente 628,756,0.999047200155039,0.8791479256021,8.95,29
Escola Cliente 629,211,0.9993087,0.8556848411626307,15.38,30
Escola Cliente 630,549,1,0.87,6.11,29
Escola Cliente 631,50,1,0.7944506281855602,2.84,28
Escola Cliente 632,159,0.979256017,0.81,5.27,27
Escola Cliente 633,329,0.9995578704,0.88,12.51,29
Escola Cliente 634,344,0.9842018,0.361087,2.63,27
Escola Cliente 635,737,0.99,0.880049,5.52,30
Escola Cliente 636,281,0.999252418543067,0.718579979613015,8.1,31
Escola Cliente 637,294,0.99018916088,0.77369960083,13.37,31
Escola Cliente 638,111,0.9994029915083,0.917090974047,16.39,28
Escola Cliente 639,164,1,0.94,18.77,28
Escola Cliente 640,198,1,0.913978260211054,7.24,27
Escola Cliente 641,287,0.996256852767051,0.8539061081,16.15,27
Escola Cliente 642,104,1,0.93,26.49,28
Escola Cliente 643,306,0.99595934333029,0.820556543074032,7.76,29
Escola Cliente 644,444,1,0.8518525718049,3.48,26
Escola Cliente 645,782,0.9830082,0.5583130017525098,11.19,28
Escola Cliente 646,190,0.992039,0.81,2.72,29
Escola Cliente 647,161,0.93826033,0.79,6.96,27
Escola Cliente 648,701,0.9563482036,0.81367355013,4.88,28
Escola Cliente 649,137,0.9602366569067,0.73882068094,2.55,26
Escola Cliente 650,140,0.9928998027,0.85,12.61,29
Escola Cliente 651,102,0.999613003096,0.9255239821050802,9.83,27
Escola Cliente 652,189,0.9990156411059,0.904276010027,9.52,27
Escola Cliente 653,636,0.990649235043,0.8371898467208027,8.37,29
Escola Cliente 654,1267,0.99,0.67146057067,13.84,28
Escola Cliente 655,196,0.999534306033,0.90087,10.55,30
Escola Cliente 656,148,0.97,0.701992524408046,4.14,26
Escola Cliente 657,320,1,0.8271615777260305,14.09,26
Escola Cliente 658,1027,0.98,0.74648411083,6.98,27
Escola Cliente 659,125,1,0.87,6.37,30
Escola Cliente 660,488,0.9979426275089,0.82223044,6.41,27
Escola Cliente 661,779,0.9996972403031,0.83602022,9.02,28
Escola Cliente 662,243,0.989469195920013,0.86,8.28,28
Escola Cliente 663,159,0.99991511036,0.89066120086,14.4,30
Escola Cliente 664,199,0.9973611411656904,0.8792656098529902,13.84,29
Escola Cliente 665,188,0.9928938090031,0.860062,18.84,28
Escola Cliente 666,641,0.99648143628089,0.87413274026024,13.48,27
Escola Cliente 667,1944,0.98,0.64,12.51,28
Escola Cliente 668,151,1,0.92066,7.92,27
Escola Cliente 669,81,1,0.912051087,6.38,27
Escola Cliente 670,621,0.99,0.7830236007910063,8.15,28
Escola Cliente 671,342,0.99,0.891540033,14.98,27
Escola Cliente 672,99,0.997589955600066,0.846676815925036,7.42,27
Escola Cliente 673,245,0.993752802,0.8226308351910011,7.42,29
Escola Cliente 674,256,0.970366488206056,0.7543039,6.13,28
Escola Cliente 675,429,0.97,0.5464188267865907,2.62,27
Escola Cliente 676,202,0.9999345378371302,0.9,11.89,27
Escola Cliente 677,656,1,0.82,7.5,27
Escola Cliente 678,250,1,0.716056984605,7.98,29
Escola Cliente 679,1106,0.9340534116068,0.5036342584089,1.31,27
Escola Cliente 680,38,1,0.8333128171555708,17.76,28
Escola Cliente 681,476,0.99,0.77,23.86,29
Escola Cliente 682,440,0.932796702089024,0.83467175105039,2.76,29
Escola Cliente 683,270,0.9883077093,0.83,8.43,27
Escola Cliente 684,705,0.9791652057,0.7503949484618038,7.14,26
Escola Cliente 685,771,0.9947088595640404,0.69,4.38,24
Escola Cliente 686,679,0.9988966029,0.7942689381826205,6.44,27
Escola Cliente 687,1020,0.9954290829032,0.83662249072,4.81,27
Escola Cliente 688,58,1,0.8113045,7.66,27
Escola Cliente 689,486,0.9870505639057006,0.816174683054,5.12,29
Escola Cliente 690,473,0.99673199525043,0.849918977034,11.78,29
Escola Cliente 691,186,0.9920749118842102,0.9220166065,12.45,28
Escola Cliente 692,1693,0.9985000637555037,0.783894736018,10.87,27
Escola Cliente 693,723,0.99,0.559343051,9.08,26
Escola Cliente 694,43,0.99,0.802935166388067,7.91,28
Escola Cliente 695,898,0.9813977191908051,0.8009062,7.84,27
Escola Cliente 696,572,0.9978412036,0.872043,9.1,26
Escola Cliente 697,653,0.96,0.69294063,10.68,28
Escola Cliente 698,155,0.986988734062,0.86186075,12.56,28
Escola Cliente 699,364,0.9988703941331406,0.85257978595013,8.04,26
Escola Cliente 700,205,0.998642258892014,0.78,5.98,28
Escola Cliente 701,159,1,0.9316658521085,7.38,28
Escola Cliente 702,470,0.98,0.8385935023,8.32,28
Escola Cliente 703,187,0.99957818778206,0.83803493899068,6.16,27
Escola Cliente 704,909,0.9694300533096,0.778110651996062,12.17,28
Escola Cliente 705,166,0.99,0.7998527094,16.79,28
Escola Cliente 706,1834,0.99546521588057,0.76029651412053,6.52,25
Escola Cliente 707,234,1,0.837640808148023,8.11,27
Escola Cliente 708,332,0.98215303,0.8088,6.26,27
Escola Cliente 709,415,0.98536642676012,0.8076223076,6.45,27
Escola Cliente 710,299,0.92,0.7332853563057601,4.71,26
Escola Cliente 711,555,0.95666158079,0.6078,3.1,27
Escola Cliente 712,225,0.8909,0.6022,3.14,26
Escola Cliente 713,291,0.92597019,0.26909179408026,21.59,25
Escola Cliente 714,296,0.998495019005036,0.78800063158016,6.79,28
Escola Cliente 715,276,0.856466096,0.45081729770011,5.48,27
Escola Cliente 716,81,0.996412997067,0.8689039,9.91,27
Escola Cliente 717,68,0.8957096,0.8480040367541507,8.04,27
Escola Cliente 718,74,0.9906123971502026,0.7998170456699806,10.78,27
Escola Cliente 719,321,0.9897355988271063,0.78583998381097,10.53,25
Escola Cliente 720,701,0.98,0.7291427906017,10.89,28
Escola Cliente 721,422,0.971745954388096,0.73221096,8.58,27
Escola Cliente 722,44,0.964022,0.71448500119052,6.68,28
Escola Cliente 723,207,0.945205479452056,,,27
Escola Cliente 724,16,0.9993421053,0.8041993798506,4.62,27
Escola Cliente 725,87,0.98782898087078,0.9147792403464039,10.89,4
Escola Cliente 726,80,0.9835681562086,0.8939139850034,10.52,26
Escola Cliente 727,255,0.9842061232063806,0.782594045,9.24,28
Escola Cliente 728,120,0.99102046,0.86105691079,10.66,27
Escola Cliente 729,165,1,0.82208791,12.1,27
Escola Cliente 730,63,0.998059,0.79031,2.65,27
Escola Cliente 731,309,0.9918814748015,0.799095,12,27
Escola Cliente 732,910,0.9871438418595507,0.77,7.71,27
Escola Cliente 733,781,0.9970042,0.7894979023016,3.85,27
Escola Cliente 734,109,0.992038071516705,0.9146073,12.13,27
Escola Cliente 735,103,0.999121602082,0.90013,11.74,27
Escola Cliente 736,219,0.99410726038,0.9156076071,3.33,26
Escola Cliente 737,90,0.99,0.628946744634064,3.72,27
Escola Cliente 738,550,0.9681364918088,0.841096553162091,2.54,26
Escola Cliente 739,57,0.96,0.83,11.31,27
Escola Cliente 740,51,0.96226415094,,,27
Escola Cliente 741,70,1,0.84159453092,55.46,25
Escola Cliente 742,111,0.98230088,,,27
Escola Cliente 743,408,0.99408097,0.8752607851700704,8.52,27
Escola Cliente 744,878,0.96346745065,0.83193405654092,8.45,27
Escola Cliente 745,117,0.9981869895012008,0.895618961060019,25.01,26
Escola Cliente 746,225,0.98464321015,0.6053353819808066,13.28,26
Escola Cliente 747,142,0.995977535713068,0.883514911341078,15.17,26
Escola Cliente 748,516,0.9964263031,0.7048,9.17,26
Escola Cliente 749,390,0.96,0.6476041059,3.18,25
Escola Cliente 750,276,0.9778203433657088,0.6761245088,5.17,25
Escola Cliente 751,140,0.997377058,0.94457915062,12.15,26
Escola Cliente 752,60,1,0.93,9.38,25
Escola Cliente 753,351,0.968731466651,0.78071376087,5.71,25
Escola Cliente 754,784,0.9949433264754033,0.82094,6.87,26
Escola Cliente 755,295,0.999820370038,0.864246489084,12.99,26
Escola Cliente 756,567,0.98699237267038,0.76721790738086,12.04,25
Escola Cliente 757,145,1,0.8901873924628091,21.3,24
Escola Cliente 758,1303,0.96,0.747688620056,8.32,25
Escola Cliente 759,1020,0.99569402017,0.683651058,4.89,24
Escola Cliente 760,195,0.999595141700405,0.8660483555030902,17.23,25
Escola Cliente 761,307,0.9960581127086,0.817219064,18.35,25
Escola Cliente 762,277,1,0.7019,20.46,25
Escola Cliente 763,205,0.98,0.76536211404,8.36,24
Escola Cliente 764,1402,0.9999906282801019,0.77,6.53,24
Escola Cliente 765,45,0.99550011,0.9033191312282066,8.81,25
Escola Cliente 766,192,0.9977230055885097,0.960082459962056,14.96,23
Escola Cliente 767,910,1,0.8106445726903,12.05,24
Escola Cliente 768,1336,0.996252553757059,0.75,7.21,24
Escola Cliente 769,667,0.9919052275019,0.78,2.73,24
Escola Cliente 770,456,0.9953094,0.84,11.28,24
Escola Cliente 771,654,0.9911709093,0.6696014404987306,16.03,24
Escola Cliente 772,37,0.99061,0.86,14.4,24
Escola Cliente 773,440,0.988697073,0.845088881894015,22.14,23
Escola Cliente 774,604,0.997255724334078,0.7938540224106704,8.17,19
Escola Cliente 775,30,0.94644058,0.7365176302077,14.6,24
Escola Cliente 776,989,0.97731289058,0.58,5.96,23
Escola Cliente 777,638,1,0.87094,6.52,24
Escola Cliente 778,2510,0.973022,0.7613539557353302,7.72,21
Escola Cliente 779,807,0.964253005208067,0.72,7.53,13
Escola Cliente 780,792,0.9,0.5,1.89,13
Escola Cliente 781,1467,0.98250125096062,0.67304836026,10.87,12
Escola Cliente 782,215,0.98,0.85,9.76,24
Escola Cliente 783,264,0.96096,0.519566308780083,3.34,23
Escola Cliente 784,307,0.95546063,0.6826221897408088,3.26,23
Escola Cliente 785,228,0.9872024,0.7422631058,3.38,23
Escola Cliente 786,227,0.9788071723434305,0.697064074,2.8,23
Escola Cliente 787,297,0.9814646082,0.7048087097,3.51,23
Escola Cliente 788,309,0.97,0.60969072485049,6.74,23
Escola Cliente 789,321,0.9931680905222077,0.61047,2.89,23
Escola Cliente 790,69,0.87541878035209,0.56979235023,0.8608108108108107,23
Escola Cliente 791,447,0.97,0.7807067,8.33,23
Escola Cliente 792,588,0.996000875099,0.7058300032,2.65,20
Escola Cliente 793,160,0.993931360980907,0.785071981056,11.86,23
Escola Cliente 794,458,0.9784514502086,0.56,14.04,21
Escola Cliente 795,149,0.99,0.89,10.29,23
Escola Cliente 796,59,1,0.94,11.09,23
Escola Cliente 797,777,0.9852529086,0.5714459799795099,9.57,20
Escola Cliente 798,599,0.9352437175904068,0.79049,14.53,23
Escola Cliente 799,790,0.9727490331064,0.83,5.39,23
Escola Cliente 800,147,0.996939084,0.9168901028231509,9.74,23
Escola Cliente 801,280,0.999905,0.82,7.94,22
Escola Cliente 802,82,0.98399648204,0.842630964739083,26.81,23
Escola Cliente 803,472,0.92,0.59064,3.52,23
Escola Cliente 804,831,0.9865081089,0.77235611753077,11.65,24
Escola Cliente 805,252,0.9878223687034,0.88,6.54,23
Escola Cliente 806,79,0.987537067,0.88,7.96,23
Escola Cliente 807,211,0.989728796456032,0.838229699643092,6.65,20
Escola Cliente 808,833,0.993026013046,0.692637911602,8.51,21
Escola Cliente 809,364,0.996841124906029,0.7,13.42,21
Escola Cliente 810,1901,0.97915863039,0.7186983393015,14.81,20
Escola Cliente 811,175,0.993208238591076,0.855910747032,5.6,23
Escola Cliente 812,438,0.994454949504,0.7994827358284027,3.61,23
Escola Cliente 813,476,1,0.6861722287076045,13.16,22
Escola Cliente 814,211,0.999073,0.8,7.58,21
Escola Cliente 815,500,0.949568933223032,0.58,2.49,22
Escola Cliente 816,227,0.9994757451632017,0.9,5.1,21
Escola Cliente 817,503,0.99,0.73,3.86,15
Escola Cliente 818,313,0.77,0.526967298250038,2,20
Escola Cliente 819,837,1,0.62953544005,6.31,19
Escola Cliente 820,675,1,0.7230304828557107,4.15,17
Escola Cliente 821,1346,0.98224084,0.58,8.45,19
Escola Cliente 822,1578,0.9833890872264701,0.51,6.56,15
Escola Cliente 823,435,1,0.7951180408822021,12.65,21
Escola Cliente 824,338,1,0.82061,8.44,21
Escola Cliente 825,441,0.9994930406600008,0.88425089,4.25,21
Escola Cliente 826,77,1,0.95115415082,16.27,21
Escola Cliente 827,514,0.965393062,0.71981040087,9.16,21
Escola Cliente 828,472,0.98949028,0.7560075,5.91,21
Escola Cliente 829,31,1,0.94150952035094,9.7,21
Escola Cliente 830,234,0.9995496727273205,0.83773047,2.12,21
Escola Cliente 831,945,0.990887174067,0.75,4.7,12
Escola Cliente 832,2,1,0.738095238095,42,21
Escola Cliente 833,395,0.9999326961906044,0.93,14.17,21
Escola Cliente 834,172,0.9645786797286093,0.683344051094,14.45,20
Escola Cliente 835,87,0.9877314510038,0.934248435276078,6.43,16
Escola Cliente 836,564,0.9974371821048407,0.8284232386022,8.28,20
Escola Cliente 837,452,0.9761093,0.67,11.64,20
Escola Cliente 838,453,0.975411320133015,0.7023,5.5,20
Escola Cliente 839,247,0.9994054,0.83,5.69,20
Escola Cliente 840,33,0.9665189042124015,0.64,4.79,21
Escola Cliente 841,365,0.99,0.7966834437375601,22.41,16
Escola Cliente 842,218,0.99,0.76,4.28,19
Escola Cliente 843,488,0.9938607815003205,0.851498752825055,5.48,20
Escola Cliente 844,218,0.990230789043,0.77476567055,5.47,16
Escola Cliente 845,224,0.998957033,0.89,36.24,17
Escola Cliente 846,89,1,0.96,10.46,20
Escola Cliente 847,55,1,0.8940398401988017,10.71,20
Escola Cliente 848,82,0.98744755329039,0.87,11.08,20
Escola Cliente 849,455,0.993018,0.9,9.68,16
Escola Cliente 850,253,0.9997913509069,0.86,11.74,16
Escola Cliente 851,652,0.9978073354195104,0.798736172015,9.35,20
Escola Cliente 852,346,0.97,0.516072,11.07,19
Escola Cliente 853,533,0.99,0.80829038,8.72,19
Escola Cliente 854,451,0.9766304076107017,0.7786076,5.36,19
Escola Cliente 855,482,0.850275518459075,0.60064,3.43,18
Escola Cliente 856,433,1,0.80423275005,3.18,19
Escola Cliente 857,456,0.98824774058054,0.667648109047,10.04,19
Escola Cliente 858,309,0.83012272063,0.264772014,4.7,19
Escola Cliente 859,856,0.9950655489580059,0.7919087,7.84,16
Escola Cliente 860,523,0.9757715156053,0.62,5.79,19
Escola Cliente 861,188,0.995783253054,0.8712861353506,13.8,19
Escola Cliente 862,640,0.99,0.730093481031,10.72,16
Escola Cliente 863,825,0.98,0.69,10.61,18
Escola Cliente 864,142,1,0.8321760405485709,7.91,18
Escola Cliente 865,98,0.766432587082035,0.3821166528311305,3.04,18
Escola Cliente 866,524,0.9998990762715809,0.88171523037,12.65,17
Escola Cliente 867,63,1,0.9223201942279102,5.6,18
Escola Cliente 868,329,1,0.8331548422423075,3.89,19
Escola Cliente 869,683,0.9427883524047,0.74,4.37,15
Escola Cliente 870,68,0.99864551084,0.8435012,9.47,16
Escola Cliente 871,50,0.96029,0.94,12.6,18
Escola Cliente 872,980,0.94,0.519319029,4.11,12
Escola Cliente 873,57,0.999765038,0.96,7.48,16
Escola Cliente 874,312,0.97,0.79011,7.39,17
Escola Cliente 875,602,1,0.80691063022,6.99,18
Escola Cliente 876,379,0.9753279899224052,0.8149025,9.52,15
Escola Cliente 877,90,0.991579062,0.798768046,11.42,18
Escola Cliente 878,341,0.99298342035,0.8397546280063,9.43,14
Escola Cliente 879,1736,0.9891654131991043,0.30336510250701504,15.65,16
Escola Cliente 880,612,0.9144065,0.6240047507833077,13.21,15
Escola Cliente 881,236,0.946010829996035,0.6967619374501073,3.45,15
Escola Cliente 882,567,0.8742329074,0.59,5.21,13
Escola Cliente 883,572,0.93,0.706586089,4.41,13
Escola Cliente 884,2202,0.94394028399098,0.70516341087,7.96,18
Escola Cliente 885,475,0.996502599227096,0.8599750062,9.97,15
Escola Cliente 886,939,0.9839251099503035,0.64,7.93,16
Escola Cliente 887,1104,0.9691373406579005,0.59625683771016,10.68,15
Escola Cliente 888,582,0.95566502463054,0.38001095,1.66,18
Escola Cliente 889,242,1,0.79,10.34,17
Escola Cliente 890,795,0.9892176015,0.66024,8.75,17
Escola Cliente 891,235,0.87,0.4150252470020608,4.61,14
Escola Cliente 892,50,0.997368210442072,0.903,6.75,15
Escola Cliente 893,472,0.9887299310534308,0.8132091639031073,9.04,14
Escola Cliente 894,211,0.979959095,0.7643521414355305,10.61,15
Escola Cliente 895,224,1,0.89,12.38,15
Escola Cliente 896,321,0.9997965681052,0.89,16.91,16
Escola Cliente 897,1340,0.943174331099,0.6095720100224057,9.81,16
Escola Cliente 898,447,0.966792056,0.69764138105095,10.3,15
Escola Cliente 899,1893,0.93048832652082,0.5010506974091021,10.9,15
Escola Cliente 900,1748,1,0.836650131073,5.06,15
Escola Cliente 901,1102,0.9897338037,0.80067,2.95,15
Escola Cliente 902,1089,0.99,0.5568289961413061,13.45,15
Escola Cliente 903,525,0.983063359035,0.8158315203316109,5.12,15
Escola Cliente 904,639,0.983609,0.7902,4.79,15
Escola Cliente 905,1254,0.992934484065,0.67,8.07,15
Escola Cliente 906,1031,0.9470256079,0.5718012,19.46,15
Escola Cliente 907,223,1,0.90066,8.51,15
Escola Cliente 908,302,0.9750416855829906,0.75865128647053,8.12,17
Escola Cliente 909,55,0.995829053,0.84,3.39,15
Escola Cliente 910,13,1,0.9364097726148304,5.87,18
Escola Cliente 911,391,0.996603068975059,0.860170637036,8.61,16
Escola Cliente 912,138,0.98,0.92,9.43,15
Escola Cliente 913,296,0.9596200726096,0.64164079,5.55,15
Escola Cliente 914,974,0.919178400062,0.717063,4.99,15
Escola Cliente 915,494,0.95,0.706915064,3.41,14
Escola Cliente 916,700,0.9949605951293907,0.68,4.25,15
Escola Cliente 917,331,0.899644094026,0.7086648505097,3.68,15
Escola Cliente 918,485,0.91086,0.094296336527074,0.0371456436356006,15
Escola Cliente 919,820,0.85027,0.216098024,7.71,15
Escola Cliente 920,1801,0.9923017588553051,0.8076696883062,7.46,15
Escola Cliente 921,690,0.9505375859590074,0.70047051,3.44,15
Escola Cliente 922,1029,0.8938061845829106,0.7836068,3.67,15
Escola Cliente 923,417,1,0.85,9.59,17
Escola Cliente 924,385,0.9863759075,0.74,5.16,17
Escola Cliente 925,741,0.99,0.7249593241022,7.8,15
Escola Cliente 926,1408,0.981006,0.7615360662398029,11.36,16
Escola Cliente 927,121,0.9938046,0.9052,11.1,15
Escola Cliente 928,232,0.9712942391733016,0.749699511058,1.99,17
Escola Cliente 929,114,0.999885583524027,0.91335075,2.06,16
Escola Cliente 930,2460,0.9707598036,0.5078,7.16,15
Escola Cliente 931,493,0.99824913776095,0.8614648175118078,11.83,17
Escola Cliente 932,829,0.9803678408662405,0.64,5.21,15
Escola Cliente 933,194,1,0.93,15.89,16
Escola Cliente 934,156,0.974147495062,0.8672729346082,12.79,17
Escola Cliente 935,214,0.78019,0.5389779708480024,1.79,14
Escola Cliente 936,1595,0.9618053145421503,0.61012,2.66,14
Escola Cliente 937,426,1,0.65,13.01,16
Escola Cliente 938,839,0.9134418487027,0.478346532127032,8.13,15
Escola Cliente 939,83,0.9971454999608079,0.9097,19.26,15
Escola Cliente 940,59,0.9963281797853902,0.88794077,18.77,15
Escola Cliente 941,67,0.997496048,0.9405138864363048,7.03,15
Escola Cliente 942,391,0.9289535092,0.50089364740069,2.25,14
Escola Cliente 943,564,0.9695426078,0.73,8.36,15
Escola Cliente 944,353,0.9988624626997606,0.8373836559326047,10.96,15
Escola Cliente 945,1345,0.8545176063,0.47177398569329065,0.411406760921079,13
Escola Cliente 946,1227,0.95,0.63778033577067,3.41,14
Escola Cliente 947,403,0.722892173045,0.3979481542447093,0.46389858932086,13
Escola Cliente 948,653,0.9965551556107078,0.74,6.29,15
Escola Cliente 949,527,0.9851999809396051,0.722214203527019,5.67,15
Escola Cliente 950,243,0.8635507331218042,0.572624789580205,10.71,15
Escola Cliente 951,596,0.9950338499043,0.809777675812088,5.91,16
Escola Cliente 952,88,0.96,0.810762376092,6.77,15
Escola Cliente 953,315,1,0.8596483019,6.79,16
Escola Cliente 954,140,0.9991699368089,0.79,16.6,16
Escola Cliente 955,1085,0.991904860002061,0.6774304006024,5.75,16
Escola Cliente 956,283,1,0.8739719053,7.77,16
Escola Cliente 957,128,0.987441769072,0.92,6.85,15
Escola Cliente 958,156,0.96150503260064,0.68,6.66,16
Escola Cliente 959,245,0.99611947184082,0.7471128533817012,11.24,16
Escola Cliente 960,262,0.99646889946039,0.78036025311013,6.52,15
Escola Cliente 961,24,0.9989035088,0.93,20.27,15
Escola Cliente 962,468,0.989062,0.839098366039,9.56,15
Escola Cliente 963,78,1,0.8817019170826018,11.06,15
Escola Cliente 964,318,0.98,0.7782112061884024,9.47,15
Escola Cliente 965,709,0.9847973091,0.56,9.52,16
Escola Cliente 966,130,0.9927339737074,0.92,14.1,15
Escola Cliente 967,264,0.98,0.670072,4.94,15
Escola Cliente 968,336,0.999209369053045,0.86885026,16.1,16
Escola Cliente 969,126,0.99,0.88557319021,17.4,16
Escola Cliente 970,608,0.98,0.794769504168073,9.58,16
Escola Cliente 971,991,0.99,0.777276086304085,7.76,13
Escola Cliente 972,111,0.79,,,15
Escola Cliente 973,99,0.989006066,0.615036,6.69,16
Escola Cliente 974,70,0.577013,,0.013,14
Escola Cliente 975,206,0.94,0.68,6.01,14
Escola Cliente 976,79,0.615360037,,0.0077093,15
Escola Cliente 977,194,0.9428856323046,0.6606293579286033,8.59,12
Escola Cliente 978,178,0.98,0.7420954280117906,10.01,15
Escola Cliente 979,358,0.9389707242806,0.74,5.15,15
Escola Cliente 980,178,1,0.9157841258220071,8.78,15
Escola Cliente 981,638,1,0.59,4.79,15
Escola Cliente 982,435,0.99,0.7345791790425087,8.7,15
Escola Cliente 983,270,0.96,0.523913466864068,6.48,14
Escola Cliente 984,95,0.984377852933054,0.8872073,7.92,15
Escola Cliente 985,180,0.999923053,0.845262826007,11.5,15
Escola Cliente 986,89,1,0.9284858094,7.22,14
Escola Cliente 987,721,0.996392049882027,0.7382039,10.93,15
Escola Cliente 988,144,1,0.877081,16.76,15
Escola Cliente 989,708,0.975476171058901,0.7076,6.38,14
Escola Cliente 990,210,1,0.8928389186236005,10.32,15
Escola Cliente 991,1009,0.987304670959039,0.64,14.07,15
Escola Cliente 992,791,0.9973582683959039,0.684450683069,14.45,15
Escola Cliente 993,322,0.9877934043180906,0.5397265220882073,7.47,15
Escola Cliente 994,37,0.9920255183413076,0.8845022189387061,6.89,15
Escola Cliente 995,167,0.97104444059,0.81,11.17,13
Escola Cliente 996,382,0.960824056,0.694091,8.05,12
Escola Cliente 997,73,0.998944997629208,0.8328806731820096,11.22,15
Escola Cliente 998,1185,0.971307742076,0.78072,6.71,15
Escola Cliente 999,172,0.9880494093,0.83,8.11,15
Escola Cliente 1000,254,1,0.873180076,10.85,15
Escola Cliente 1001,60,0.75,,,13
Escola Cliente 1002,67,0.8072,,,15
Escola Cliente 1003,192,0.9996555411033,0.8048609238782708,13.57,8
Escola Cliente 1004,249,0.87520092,0.55574842417024,12.55,12
Escola Cliente 1005,145,0.5105633802816905,,,14
Escola Cliente 1006,761,0.98,0.82692849097,3.21,14
Escola Cliente 1007,287,0.9088,0.6204295111181704,3.92,14
Escola Cliente 1008,946,0.9996771854053,0.7773120745058,11.31,14
Escola Cliente 1009,141,1,0.9229569004613208,10.36,14
Escola Cliente 1010,174,0.99,0.8769421632590505,18.58,10
Escola Cliente 1011,191,0.940851420059,0.6010241405,3.94,13
Escola Cliente 1012,404,0.9,0.3261976657964027,7.92,13
Escola Cliente 1013,375,0.85,0.4,5.06,13
Escola Cliente 1014,227,0.998234164522062,0.789727787729097,7.36,13
Escola Cliente 1015,725,0.979141079,0.683012,3.68,13
Escola Cliente 1016,126,0.990319850051,0.62073,10.76,2
Escola Cliente 1017,229,0.9856874069,0.8707442372914032,11.23,14
Escola Cliente 1018,622,0.85344550095,0.7748641800034,3.81,13
Escola Cliente 1019,140,1,0.78,8.85,12
Escola Cliente 1020,54,0.992980509,0.7413770244873306,11.38,12
Escola Cliente 1021,752,0.995377603727053,0.5147187471076,11.65,13
Escola Cliente 1022,513,0.996386649319062,0.79572303,7.8,13
Escola Cliente 1023,147,0.96214099970059,0.8096,5.93,13
Escola Cliente 1024,32,0.97,,,13
Escola Cliente 1025,287,0.9999073376206,0.836049038,12.55,13
Escola Cliente 1026,359,0.6893158015819076,0.3676037,9.95,9
Escola Cliente 1027,59,0.9670380480731069,0.795920672323022,6.94,13
Escola Cliente 1028,110,0.99,0.895744561085,11.95,13
Escola Cliente 1029,1628,0.98,0.7360490404532051,9.43,12
Escola Cliente 1030,167,1,0.948436054628025,11.94,13
Escola Cliente 1031,54,0.99,0.8792514779194098,5.54,13
Escola Cliente 1032,51,1,0.896131114473065,8.69,13
Escola Cliente 1033,37,0.860465116279071,,,13
Escola Cliente 1034,210,0.9612361073,0.82501609409059,2.64,1
Escola Cliente 1035,185,0.9693921339055,0.8103817408243404,7.02,9
Escola Cliente 1036,1562,0.989483337087,0.81220085,7.77,12
Escola Cliente 1037,126,0.9991171012090309,0.84,21.76,12
Escola Cliente 1038,350,0.9798749972067,0.68,11.22,12
Escola Cliente 1039,261,0.99184765185085,0.7699067,6.1,9
Escola Cliente 1040,1321,0.9880083074911007,0.6770034026,2.25,12
Escola Cliente 1041,628,0.99,0.79925482013,2.14,12
Escola Cliente 1042,86,0.99,0.93215432957072,11.77,13
Escola Cliente 1043,1386,0.9825049450384107,0.7102912083,9.76,11
Escola Cliente 1044,380,0.9815499407575073,0.7186978303475605,2.76,10
Escola Cliente 1045,87,0.99,0.854261261487084,9.77,9
Escola Cliente 1046,817,0.9297812067,0.594042,9.14,8
Escola Cliente 1047,355,0.6331980287036,0.44,1.96,1
Escola Cliente 1048,699,0.98083045,0.621261018,4.58,5
Escola Cliente 1049,402,0.994841027,0.7283087838052,3.39,10
Escola Cliente 1050,192,0.88,0.66,2.29,5
Escola Cliente 1051,246,0.873888165017,0.3728525518922056,10.45,5
Escola Cliente 1052,368,0.7095,0.44,2.58,2
Escola Cliente 1053,357,0.84,0.56183804755018,5.3,4
Escola Cliente 1054,216,0.94,0.59,3.55,4
Escola Cliente 1055,32,0.7890248911525505,0.4199281179850507,1.36,1
Escola Cliente 1056,109,0.6753547744449054,0.30969493857025,1.19,3
Escola Cliente 1057,433,1,0.851054,11.99,11
Escola Cliente 1058,203,0.9914545304448019,0.862966952615057,12,12
Escola Cliente 1059,485,0.9867449910800806,0.77,6.97,10
Escola Cliente 1060,62,1,0.9310382391388088,9.08,12
Escola Cliente 1061,121,0.33,,,11
Escola Cliente 1062,390,0.995087,0.8392042,6.66,12
Escola Cliente 1063,38,0.99831309042,0.896260088835088,20.44,11
Escola Cliente 1064,256,1,0.8664532729850063,10.55,3
Escola Cliente 1065,103,0.994731097,0.75094,14.79,9
Escola Cliente 1066,253,0.90013,0.52,1.99,11
Escola Cliente 1067,202,0.9972816548067,0.8609300893041063,13.36,9
Escola Cliente 1068,626,0.95032657061,0.6249000845321045,7.67,10
Escola Cliente 1069,231,0.99703,0.85,7.46,4
Escola Cliente 1070,437,0.767298372037,0.65651374934049,5.95,4
Escola Cliente 1071,229,0.985391727135079,0.814609001041,7.8,12
Escola Cliente 1072,338,0.965052,0.7076101698035,20,9
Escola Cliente 1073,365,0.9790380056,0.6635072,12.46,11
Escola Cliente 1074,1401,0.8,0.51,5.14,7
Escola Cliente 1075,653,0.9252130767791702,0.667555150549046,4.01,9
Escola Cliente 1076,586,0.7923032,0.483886723267068,2.77,7
Escola Cliente 1077,1090,0.8,0.6060289504088,2.61,7
Escola Cliente 1078,605,1,0.79314192338027,8.34,10
Escola Cliente 1079,833,0.9165401115831089,0.63926062,3.7,9
Escola Cliente 1080,594,0.995177564018,0.7888437503,6.36,8
Escola Cliente 1081,28,1,0.924213888693095,1.42,11
Escola Cliente 1082,794,0.9947038,0.817981968097025,3.27,9
Escola Cliente 1083,176,0.7769491723918204,0.63040796045,3.29,8
Escola Cliente 1084,101,1,0.905361,10.15,11
Escola Cliente 1085,143,0.99765762773905,0.92,6.3,5
Escola Cliente 1086,1622,0.978995084,0.741408291069,5.71,11
Escola Cliente 1087,246,0.998038095,0.86288265212078,12.41,11
Escola Cliente 1088,508,0.98082,0.6570542061,6.3,10
Escola Cliente 1089,287,0.99549552031,0.87670384265027,4.84,11
Escola Cliente 1090,325,0.647012,0.42,2.23,3
Escola Cliente 1091,117,0.65825316057,0.6,0.73036538964038,3
Escola Cliente 1092,573,0.97,0.67,9.33,8
Escola Cliente 1093,645,0.979703063,0.58,9.6,11
Escola Cliente 1094,759,0.9686051,0.8073,7.56,11
Escola Cliente 1095,362,0.94,0.50693096667065,2.3,11
Escola Cliente 1096,529,0.98,0.7303075,9.73,3
Escola Cliente 1097,56,1,0.9312083089,10.75,9
Escola Cliente 1098,102,1,0.96217659057,15.12,9
Escola Cliente 1099,120,0.9954416372249301,0.94,16.52,9
Escola Cliente 1100,2052,0.9904651001644009,0.8012682278070905,7.01,11
Escola Cliente 1101,302,0.9995270038,0.8748205278899098,2.83,11
Escola Cliente 1102,181,0.997959579068,0.79618050080052,1.82,11
Escola Cliente 1103,425,0.9946233574215403,0.76,11.1,9
Escola Cliente 1104,380,0.99,0.6645079,5.63,9
Escola Cliente 1105,354,0.99,0.667099960027,4.27,10
Escola Cliente 1106,208,0.998466016,0.913467028,7.12,9
Escola Cliente 1107,87,0.968071,0.6322088,5.05,10
Escola Cliente 1108,512,0.99879440068098,0.69,11.84,9
Escola Cliente 1109,1593,0.97526561998011,0.623075,12.33,10
Escola Cliente 1110,419,1,0.8820699013304,8.9,3
Escola Cliente 1111,153,0.99,0.8851183969237075,8.16,10
Escola Cliente 1112,278,0.999809,0.8884345199066,7.4,9
Escola Cliente 1113,134,0.9982923015,0.87231922750024,8.9,3
Escola Cliente 1114,831,1,0.838622885094,10.54,9
Escola Cliente 1115,65,0.9907580903,0.831713909491095,11.02,11
Escola Cliente 1116,32,0.996986417657046,0.868099,14.58,10
Escola Cliente 1117,377,0.9766563081628051,0.766454533845015,4.09,10
Escola Cliente 1118,1148,0.95033,0.6806449105743066,4.12,3
Escola Cliente 1119,1489,0.9648846775879607,0.72,5.46,10
Escola Cliente 1120,1007,0.91596681598071,0.722057,6.5,9
Escola Cliente 1121,182,0.98,0.7000021971316206,9.95,10
Escola Cliente 1122,212,0.9825603,0.87862425342068,6.42,3
Escola Cliente 1123,1124,0.99490131078,0.8518224063,5.75,9
Escola Cliente 1124,100,1,0.9098,4.59,9
Escola Cliente 1125,609,0.97085,0.73,6.1,10
Escola Cliente 1126,644,0.69,0.49,11.82,8
Escola Cliente 1127,626,0.96910094,0.69597895542063,7.48,10
Escola Cliente 1128,528,0.99997508,0.7550609791073,4.11,7
Escola Cliente 1129,83,1,0.8868514454768203,3.12,11
Escola Cliente 1130,125,0.9986196529877013,0.9158390456011,6.6,9
Escola Cliente 1131,495,0.8877014,0.76,5.56,4
Escola Cliente 1132,448,0.5069,0.38582255556058,0.486763088,7
Escola Cliente 1133,155,0.9866105212086,0.79,8.19,7
Escola Cliente 1134,581,0.9918780425022703,0.4549215698311037,14.98,4
Escola Cliente 1135,683,0.9727780593092,0.4584104931482031,14.18,4
Escola Cliente 1136,469,1,0.79,10.86,9
Escola Cliente 1137,567,0.9801594159087,0.74,2.6,10
Escola Cliente 1138,667,0.8736498371332031,0.723616087,4.61,9
Escola Cliente 1139,392,0.8077137021893094,0.35883601616074,6.3,8
Escola Cliente 1140,453,0.84734732035,0.66036087029,5.18,7
Escola Cliente 1141,96,0.86464036,0.66,6.53,10
Escola Cliente 1142,882,0.9931467835036,0.83,6.28,9
Escola Cliente 1143,847,0.9838595646598015,0.75,8.11,9
Escola Cliente 1144,281,0.958204,0.77,8.58,9
Escola Cliente 1145,173,0.99913813079,0.8502334975352508,13.41,8
Escola Cliente 1146,54,1,0.81,13.06,10
Escola Cliente 1147,99,1,0.860628850921045,9.57,8
Escola Cliente 1148,383,1,0.8247042244014,11.71,3
Escola Cliente 1149,47,0.977451941023,0.9183771440813202,6.53,10
Escola Cliente 1150,92,1,0.9398032,13.38,10
Escola Cliente 1151,58,0.93,0.816896816071,8.86,9
Escola Cliente 1152,933,0.916086,0.52944806072,8.1,7
Escola Cliente 1153,1016,0.98509358043,0.6696846077,10.11,7
Escola Cliente 1154,162,0.9944919813769407,0.78,7.28,3
Escola Cliente 1155,235,0.983779342043,0.79122532088,7.81,9
Escola Cliente 1156,791,0.94,0.72640078,9.64,9
Escola Cliente 1157,201,0.996065,0.8790232657150702,5.22,8
Escola Cliente 1158,493,0.992014,0.77208571494085,9.93,4
Escola Cliente 1159,537,0.995040284025,0.807704424822042,7.9,4
Escola Cliente 1160,52,0.99921053,0.97,16.04,9
Escola Cliente 1161,1131,0.948618688017,0.57693203077,9.34,7
Escola Cliente 1162,381,0.9999659121898009,0.8668227011647098,12.23,3
Escola Cliente 1163,264,0.8062421968986015,0.55,4.38,9
Escola Cliente 1164,173,0.998220666675068,0.84937979230508,8.34,3
Escola Cliente 1165,100,0.98,0.7513421012,9.86,9
Escola Cliente 1166,852,0.99,0.76,12.17,8
Escola Cliente 1167,382,0.99,0.705099,4.26,6
Escola Cliente 1168,154,0.98,0.823518835886085,3.56,6
Escola Cliente 1169,158,0.9701341081,0.587538091,2.51,4
Escola Cliente 1170,231,0.9862494160082,0.79533542083,3.79,6
Escola Cliente 1171,95,0.607476635514019,0.43068,0.48,10
Escola Cliente 1172,222,0.97,0.8207033,2.96,6
Escola Cliente 1173,312,0.98,0.656325075956065,3.67,6
Escola Cliente 1174,653,0.98733087,0.81,4.62,7
Escola Cliente 1175,499,0.9881801233114909,0.7683527595011903,3.8,7
Escola Cliente 1176,266,0.97740179019,0.78509081092,5.53,6
Escola Cliente 1177,187,0.98,0.8301150081038,9.67,9
Escola Cliente 1178,533,0.97797257209026,0.737016,7.27,8
Escola Cliente 1179,125,0.9793102975014,0.8188046,42.75,3
Escola Cliente 1180,79,1,0.88,8.07,9
Escola Cliente 1181,762,0.9906387050462045,0.7902498162028,3.33,7
Escola Cliente 1182,31,0.5906378998968009,0.44,3.41,3
Escola Cliente 1183,960,0.98717710083,0.6768096,9.72,3
Escola Cliente 1184,448,0.7864077503586501,0.49281105,1.37,3
Escola Cliente 1185,347,0.85,0.48,2.53,3
Escola Cliente 1186,314,0.969019,0.71052534027,3.61,3
Escola Cliente 1187,699,0.788725595718062,0.45049,0.957070052,3
Escola Cliente 1188,744,0.916481918124024,0.4661290027,12.59,3
Escola Cliente 1189,743,0.9906514458823603,0.7255382359776001,8.64,6
Escola Cliente 1190,494,0.89041854116082,0.632627012405053,7.67,2
Escola Cliente 1191,84,0.9996904024767801,0.8707,20.58,9
Escola Cliente 1192,58,1,0.9490333098207803,11.33,9
Escola Cliente 1193,218,0.6419852128028,0.6493887035,6.05,2
Escola Cliente 1194,460,0.816022397033,0.5347574098934054,5.27,2
Escola Cliente 1195,574,0.78,0.44270097720112406,1.56,3
Escola Cliente 1196,248,0.6492640976092091,0.49214077,3.71,2
Escola Cliente 1197,401,0.686047581081,0.4474123769975061,5.44,2
Escola Cliente 1198,60,0.992465548002092,0.8203425748013,8.24,4
Escola Cliente 1199,99,0.9798688359706006,0.853141226796401,20.78,9
Escola Cliente 1200,148,0.98638076,0.83,13.73,9
Escola Cliente 1201,92,0.8937009566094,0.839094093,10.09,8
Escola Cliente 1202,19,1,0.82,9.14,8
Escola Cliente 1203,238,0.9910103091,0.822080354857053,10.2,8
Escola Cliente 1204,269,0.9995552941063,0.8038098074,11.06,6
Escola Cliente 1205,623,0.98806172177024,0.74,7.27,3
Escola Cliente 1206,317,0.94261058,0.551547051,10.14,8
Escola Cliente 1207,148,0.97325055,0.86,10.08,8
Escola Cliente 1208,277,0.726759977446102,0.42,2.97,4
Escola Cliente 1209,188,0.7810012059,0.67,2.44,4
Escola Cliente 1210,149,0.992856894006701,0.84,12.8,3
Escola Cliente 1211,242,0.9999454029264031,0.774062,4.86,7
Escola Cliente 1212,664,0.87646408,0.600201975032,7.16,5
Escola Cliente 1213,136,0.98588780169065,0.82,8.22,3
Escola Cliente 1214,161,0.91228313444075,0.81190936719042,3.28,6
Escola Cliente 1215,161,0.999917245945051,0.927102046937035,8.36,4
Escola Cliente 1216,365,0.956653096,0.8013508330056046,6.65,8
Escola Cliente 1217,239,1,0.83206569615082,14.81,3
Escola Cliente 1218,286,0.96826451348099,0.7686427019476002,7.64,4
Escola Cliente 1219,633,0.92,0.79233279188063,3.85,3
Escola Cliente 1220,273,1,0.77777064586099,8.69,8
Escola Cliente 1221,344,0.9839681062,0.65,4.46,7
Escola Cliente 1222,483,0.9521052,0.67,12.1,3
Escola Cliente 1223,273,0.99,0.799077023,8.06,7
Escola Cliente 1224,253,0.97,0.644873999080092,14.29,7
Escola Cliente 1225,334,0.99996084,0.82431056640055,9.07,7
Escola Cliente 1226,620,0.99,0.751917854017,10.55,8
Escola Cliente 1227,355,0.89096896057,0.7470415326099,12.16,3
Escola Cliente 1228,229,0.88,0.70391832918099,8.86,3
Escola Cliente 1229,267,0.929078,0.73,9.77,3
Escola Cliente 1230,56,0.90163001560045,0.852025060807034,8.66,8
Escola Cliente 1231,141,0.9927955747023,0.8081361344011,18.63,3
Escola Cliente 1232,189,0.942742229263052,0.66450069798019,2.5,3
Escola Cliente 1233,198,0.9913788092,0.86994411746039,6.67,4
Escola Cliente 1234,378,0.992473052,0.80805001,9.8,8
Escola Cliente 1235,190,0.99276831247069,0.87095,9.18,8
Escola Cliente 1236,779,0.97,0.7046,7.71,8
Escola Cliente 1237,240,0.998770047,0.9059,12.52,7
Escola Cliente 1238,401,0.91,0.7550081126707088,3.71,2
Escola Cliente 1239,456,0.983315911933039,0.67,7.54,7
Escola Cliente 1240,316,0.97,0.7700860652080056,8.42,3
Escola Cliente 1241,180,0.7,0.5373066042,4.06,5
Escola Cliente 1242,405,0.99,0.79661221,7.09,4
Escola Cliente 1243,117,0.93301412075,0.8637505916039,10.13,3
Escola Cliente 1244,146,0.95360745035,0.63901975035,14.72,3
Escola Cliente 1245,325,0.92,0.7659811830065,6.68,2
Escola Cliente 1246,766,0.99564028,0.68,3.37,6
Escola Cliente 1247,387,0.9605664893064,0.73071,4.01,7
Escola Cliente 1248,466,0.95,0.7624109119804707,6.63,4
Escola Cliente 1249,184,0.90057,0.83,12.9,4
Escola Cliente 1250,110,0.954130369034,0.533565129096,15.4,1
Escola Cliente 1251,751,0.99436346339028,0.601371794829067,2.86,7
Escola Cliente 1252,386,0.96,0.63,6.87,4
Escola Cliente 1253,143,0.9997152712583902,0.9051,11.41,8
Escola Cliente 1254,308,0.9152389889626033,0.6218558541723074,8.29,6
Escola Cliente 1255,414,0.9922055,0.8,14.28,7
Escola Cliente 1256,161,0.98594093,0.79726207683046,14.76,3
Escola Cliente 1257,399,0.829579640403,0.67,6.34,3
Escola Cliente 1258,513,0.989099,0.63,3.72,3
Escola Cliente 1259,146,1,0.88,10.84,7
Escola Cliente 1260,1539,0.9784024,0.674044678370034,10.19,7
Escola Cliente 1261,879,0.97923247146034,0.7933094,12.73,5
Escola Cliente 1262,520,0.7029,0.52,1.87,2
Escola Cliente 1263,631,0.9931644036,0.72022030051,12.65,6
Escola Cliente 1264,195,0.99,0.7299339384102502,7.3,3
Escola Cliente 1265,141,0.9973395460044,0.8965608963776702,14.42,6
Escola Cliente 1266,28,1,0.89,8.76,8
Escola Cliente 1267,309,0.9942636864432027,0.8037,13.91,4
Escola Cliente 1268,245,1,0.88,16.17,6
Escola Cliente 1269,99,0.99543903075,0.80527814555062,15.15,7
Escola Cliente 1270,344,0.99036556052,0.57,11.15,7
Escola Cliente 1271,438,0.9193916096,0.68,5.99,1
Escola Cliente 1272,413,0.724842909,0.3595712795309045,15.09,5
Escola Cliente 1273,219,0.99,0.9117902088,7.3,3
Escola Cliente 1274,149,0.95,0.783361116809,10.08,3
Escola Cliente 1275,130,0.99,0.859979399094,6.22,3
Escola Cliente 1276,175,0.9832375588088,0.8027,13.71,6
Escola Cliente 1277,60,0.98803230044,0.84180084,12.31,5
Escola Cliente 1278,170,0.962234219871046,0.73880479427089,9.38,7
Escola Cliente 1279,752,0.991345009996407,0.78,8.73,6
Escola Cliente 1280,666,0.94228111695097,0.779732389410068,6.29,6
Escola Cliente 1281,427,0.9786058,0.79,7.61,7
Escola Cliente 1282,213,0.98,0.8265164206459034,5.02,4
Escola Cliente 1283,316,0.704697099,0.36,6.92,3
Escola Cliente 1284,371,0.95095885616078,0.7822167690045,11.37,3
Escola Cliente 1285,291,0.99,0.81969049,17.3,4
Escola Cliente 1286,656,0.99767261046,0.9122881978231207,12.13,5
Escola Cliente 1287,493,0.97031,0.6066,15.81,3
Escola Cliente 1288,693,0.95973995021,0.65,16.45,4
Escola Cliente 1289,1190,0.77781013,0.32,2.74,5
Escola Cliente 1290,119,0.9807022,0.81591076,0.42339088,3
Escola Cliente 1291,516,0.969925079,0.7189633950188704,7.65,3
Escola Cliente 1292,2707,0.88,0.775034,3.17,1
Escola Cliente 1293,860,0.965533038,0.69287335247086,9.08,3
Escola Cliente 1294,262,0.83,0.49699489636094,3.42,3
Escola Cliente 1295,310,0.9289103025148108,0.7281060117057901,7.6,3
Escola Cliente 1296,339,0.982017517152043,0.76,5.31,4
Escola Cliente 1297,407,0.765265366362071,0.3691029208056,1.51,2
Escola Cliente 1298,131,1,0.963409899156035,10.08,5
Escola Cliente 1299,1164,0.935089,0.6280013123806,9.6,3
Escola Cliente 1300,225,0.999291686069,0.83,8.15,3
Escola Cliente 1301,272,0.821947481096084,0.25712724042,1.56,2
Escola Cliente 1302,816,0.8672154056,0.63,4.35,3
Escola Cliente 1303,976,0.933138041,0.67244073360092,6.26,5
Escola Cliente 1304,427,0.85,0.5022045,4.59,5
Escola Cliente 1305,443,0.96,0.71017665067,6.73,2
Escola Cliente 1306,542,0.887194890602049,0.6446283174253075,4.25,4
Escola Cliente 1307,175,0.7027062,0.54187923033082,2.36,5
Escola Cliente 1308,326,0.8488707769170801,0.8,5.01,2
Escola Cliente 1309,791,0.9701028,0.7402973107036,7.22,5
Escola Cliente 1310,278,0.96294025,0.8226250504075073,10.34,3
Escola Cliente 1311,391,0.96,0.7700225837367062,9.27,3
Escola Cliente 1312,95,0.9891368472019,0.833034,10.31,3
Escola Cliente 1313,875,0.98948440073,0.62013,18.09,3
Escola Cliente 1314,529,0.94,0.76,5.29,6
Escola Cliente 1315,818,0.959322843952037,0.684926502083,7.93,6
Escola Cliente 1316,471,0.998772339164708,0.8301887032,9.73,5
Escola Cliente 1317,892,0.9189606,0.6449198811803099,6.74,3
Escola Cliente 1318,673,0.99,0.7425026,10.58,5
Escola Cliente 1319,27,0.73,,,5
Escola Cliente 1320,497,0.95192374302023,0.73,10.98,2
Escola Cliente 1321,67,0.790931067,0.5150332461024,7.04,3
Escola Cliente 1322,347,0.9636654685280049,0.66,4.69,4
Escola Cliente 1323,213,0.3452312416043,0.2318024,2.31,1
Escola Cliente 1324,402,0.98038,0.8436714172230005,7.89,3
Escola Cliente 1325,1169,0.9928837243824308,0.8072,7.14,6
Escola Cliente 1326,409,0.4391069012,0.54018,0.0263870095,0
Escola Cliente 1327,711,0.99183008050026,0.8267214050183203,8.69,6
Escola Cliente 1328,536,0.80820578681019,0.7143092,6.4,5
Escola Cliente 1329,288,0.990079441403084,0.826192718748023,14.81,4
Escola Cliente 1330,129,0.99206,0.86,11.15,3
Escola Cliente 1331,430,0.99,0.62338199413033,8.34,4
Escola Cliente 1332,537,0.9992595738016098,0.8472649217590098,7.54,3
Escola Cliente 1333,794,0.85100017,0.3838058,1.83,3
Escola Cliente 1334,60,0.997295452056,0.78316233062,11.33,3
Escola Cliente 1335,555,0.939078,0.595042,10.13,3
Escola Cliente 1336,41,0.999713958810069,0.83898795165042,8.08,4
Escola Cliente 1337,602,0.94,0.7517987270094004,7.67,3
Escola Cliente 1338,325,0.887243496049,0.61,3.78,2
Escola Cliente 1339,113,0.71921223595043,0.52,2.21,1
Escola Cliente 1340,596,0.8251645182771403,0.68780049,2.51,1
Escola Cliente 1341,50,0.35,0.1491093,1.83,0
Escola Cliente 1342,458,0.84958817205097,0.56,3.64,3
Escola Cliente 1343,1226,0.86,0.57031,7.4,2
Escola Cliente 1344,243,0.45042332017,0.125444055,4.91,2
Escola Cliente 1345,242,0.9074,0.68,8.45,2
Escola Cliente 1346,893,0.525621821352083,0.73,3.07,2
Escola Cliente 1347,550,0.9929646058,0.7721799976990508,13.41,3
Escola Cliente 1348,494,0.986898045,0.84,4.39,4
Escola Cliente 1349,153,0.97,0.90320412082,11.31,4
Escola Cliente 1350,76,0.94,0.7918395338030031,7.62,4
Escola Cliente 1351,904,0.9770649949887066,0.76056,3.37,3
Escola Cliente 1352,1032,0.99,0.7602881617256092,5.17,3
Escola Cliente 1353,416,0.9944047286629104,0.836030106174059,7.04,4
Escola Cliente 1354,348,0.91133426446077,0.59,9.15,3
Escola Cliente 1355,408,0.93369341779086,0.612174866846101,10.52,3
Escola Cliente 1356,285,0.97,0.6674921741093,13.59,3
Escola Cliente 1357,252,0.9554593093,0.6890028,12.72,3
Escola Cliente 1358,231,0.998017069,0.87,23.24,3
Escola Cliente 1359,216,0.62,0.462572418191037,1.84,2
Escola Cliente 1360,559,0.99,0.8013873341236206,8.54,5
Escola Cliente 1361,1074,0.8683429801073042,0.5,4.83,4
Escola Cliente 1362,101,0.99,0.87,10.72,3
Escola Cliente 1363,123,0.9814199075,0.82,8.04,4
Escola Cliente 1364,111,0.702582895945012,0.7057092323963603,1.33,3
Escola Cliente 1365,73,1,0.85,10.09,3
Escola Cliente 1366,895,0.8015565664106008,0.62259090358012,3.9,3
Escola Cliente 1367,1344,0.8143203,0.6445398012,4.02,2
Escola Cliente 1368,1553,0.85267029,0.6995882196263602,4.26,3
Escola Cliente 1369,1278,0.87,0.647651691114062,6.09,3
Escola Cliente 1370,568,0.8275047,0.64,4.81,2
Escola Cliente 1371,319,0.9034,0.6525700740891903,5.68,3
Escola Cliente 1372,232,0.998142049093,0.84,6.7,2
Escola Cliente 1373,512,0.94,0.564064,3.16,3
Escola Cliente 1374,430,0.98884700547038,0.74,14.29,3
Escola Cliente 1375,293,0.9092,0.68,4.38,4
Escola Cliente 1376,425,0.99,0.8297866716032,15.61,4
Escola Cliente 1377,391,0.9956012,0.86074,12.22,4
Escola Cliente 1378,337,0.998195568233043,0.83,9.32,3
Escola Cliente 1379,365,0.957685281024,0.441,5.31,3
Escola Cliente 1380,281,0.9981165050256603,0.942554576066,7.31,5
Escola Cliente 1381,106,0.98,0.84,6.16,3
Escola Cliente 1382,57,0.8639003711432025,0.36033634325002606,11.35,2
Escola Cliente 1383,53,1,0.88,7.53,4
Escola Cliente 1384,87,0.9987371445856019,0.86,13.02,4
Escola Cliente 1385,424,0.8180592621001701,0.1225822519044,4.5,3
Escola Cliente 1386,80,1,0.92,6.61,6
Escola Cliente 1387,56,0.9839096846917099,0.9088,11.46,6
Escola Cliente 1388,790,0.954055140059,0.5096,6.45,3
Escola Cliente 1389,465,0.99,0.8644279028,7.96,4
Escola Cliente 1390,598,0.86,0.6004612968245087,6.29,5
Escola Cliente 1391,478,0.99,0.8299921568078,7.81,3
Escola Cliente 1392,157,0.93052,0.73,11.32,4
Escola Cliente 1393,773,0.997313023,0.8235409697087,10.54,6
Escola Cliente 1394,106,0.999099,0.92,23.27,3
Escola Cliente 1395,561,0.9943669774952406,0.8596069232636505,7.92,6
Escola Cliente 1396,129,0.99,0.89,16.2,6
Escola Cliente 1397,81,0.991376414841605,0.84,51.37,2
Escola Cliente 1398,390,0.9945051,0.788671006800058,9.06,3
Escola Cliente 1399,82,0.973839013,0.870500835577073,16.44,5
Escola Cliente 1400,336,0.9962997804,0.656903790642064,17.58,4
Escola Cliente 1401,147,0.96,0.66991901031046,5.48,2
Escola Cliente 1402,135,0.9229671467201044,0.70182678034073,6.96,5
Escola Cliente 1403,248,0.97036027,0.730575721016073,3.76,3
Escola Cliente 1404,285,0.974975022,0.79457396072,10.06,5
Escola Cliente 1405,2207,0.945032,0.51917003,9.34,5
Escola Cliente 1406,416,0.98,0.7592249749835005,3.29,6
Escola Cliente 1407,210,0.989664057,0.87264086,7.1,5
Escola Cliente 1408,367,0.918098,0.704991990101083,8.06,3
Escola Cliente 1409,74,0.9690376692770035,0.81,10.78,4
Escola Cliente 1410,140,0.773193337215027,0.5684408822656201,3.01,6
Escola Cliente 1411,143,0.9839620076296004,0.76317091,6,3
Escola Cliente 1412,112,0.97522889504095,0.735028,25.95,3
Escola Cliente 1413,71,0.9859366154621205,0.85,9.53,3
Escola Cliente 1414,137,0.99,0.89760664606051,8.99,4
Escola Cliente 1415,242,0.969382162159081,0.634755028,4.87,3
Escola Cliente 1416,551,0.836546386883023,0.57064,3.94,3
Escola Cliente 1417,244,0.9,0.7734352274697104,1.86,1
Escola Cliente 1418,461,0.9807603235070305,0.8279547095,3.48,3
Escola Cliente 1419,555,0.9583779870906026,0.8093,3.52,4
Escola Cliente 1420,351,0.98391077,0.64944304035,9.19,3
Escola Cliente 1421,490,0.99,0.76,11.13,3
Escola Cliente 1422,171,0.86,0.7857892486096,6.71,3
Escola Cliente 1423,278,0.67232409023,0.356172390079,8.24,3
Escola Cliente 1424,385,0.97,0.8164200377869202,10.87,4
Escola Cliente 1425,504,0.9995554544549407,0.917089066,8.64,3
Escola Cliente 1426,334,1,0.79,14.24,4
Escola Cliente 1427,302,0.86048,0.63,8.69,3
Escola Cliente 1428,245,0.99420491,0.8087729799681005,14.76,4
Escola Cliente 1429,335,1,0.7503099786025,10.83,3
Escola Cliente 1430,134,0.9807470549628031,0.726581150426069,4.69,5
Escola Cliente 1431,29,0.9919389820705607,0.879979151604089,15.7,4
Escola Cliente 1432,748,0.79,0.6188167955680105,7.18,3
Escola Cliente 1433,198,0.9575995088,0.8320000040096086,14.6,4
Escola Cliente 1434,551,0.76688215015,0.41808047,3.52,3
Escola Cliente 1435,311,0.9765043,0.73,5.4,3
Escola Cliente 1436,1555,0.8158183726059,0.5526302024056,3.1,3
Escola Cliente 1437,1212,0.877470052,0.6755077,4.38,3
Escola Cliente 1438,70,0.7484799517596006,0.7015,4.42,5
Escola Cliente 1439,1067,0.878430032,0.6209273091670025,4.53,3
Escola Cliente 1440,1167,0.85,0.661188540227086,5,3
Escola Cliente 1441,1043,0.7356356689714092,0.5031,2.99,3
Escola Cliente 1442,1083,0.8012203353309006,0.5229017525349401,3.46,3
Escola Cliente 1443,1142,0.868440043561039,0.69,5.42,3
Escola Cliente 1444,80,0.97090507049,0.83,11.81,4
Escola Cliente 1445,376,0.802772481063,0.4002259138008038,8.23,3
Escola Cliente 1446,116,1,0.911829094,19.63,5
Escola Cliente 1447,98,0.999867092,0.8122602715271035,17.86,4
Escola Cliente 1448,229,0.5138721456624707,0.3872531014302036,11.08,3
Escola Cliente 1449,390,0.482107650076,0.334296331063068,9.94,3
Escola Cliente 1450,230,0.98,0.8031051,7.38,3
Escola Cliente 1451,28,0.902376910017,0.74911402055,6.39,2
Escola Cliente 1452,230,0.95840035,0.675083,10.71,4
Escola Cliente 1453,991,0.99316258184042,0.79716711359064,5.12,5
Escola Cliente 1454,1357,0.93,0.4989210829636303,8.18,4
Escola Cliente 1455,171,0.83,0.319992156072,2.42,3
Escola Cliente 1456,470,0.88,0.5432754441843506,7.32,3
Escola Cliente 1457,96,0.87,0.53,3.21,3
Escola Cliente 1458,91,0.99436688014,0.87,11.45,4
Escola Cliente 1459,489,0.979333065,0.757519456830032,9.99,4
Escola Cliente 1460,413,0.95,0.6901396208093026,7.67,3
Escola Cliente 1461,174,0.9993128269150908,0.8479152965789037,10.47,4
Escola Cliente 1462,42,0.9505207273900039,0.7164537313562204,7.05,4
Escola Cliente 1463,1140,0.95175734424024,0.687402038478037,6.13,3
Escola Cliente 1464,300,0.94,0.874749023047,14.19,4
Escola Cliente 1465,767,0.86,0.6625044129499088,6.54,1
Escola Cliente 1466,108,0.9993838763575605,0.9196547633001408,4.57,3
Escola Cliente 1467,928,0.9782321889527001,0.7057,10.56,3
Escola Cliente 1468,76,1,0.822935252064,9.9,3
Escola Cliente 1469,372,0.9880513530065,0.89651289037,6.98,3
Escola Cliente 1470,145,0.9950541689914002,0.8588689314275704,9.05,3
Escola Cliente 1471,359,0.99628012,0.8299560971563087,4.49,3
Escola Cliente 1472,219,0.99,0.765018,12.3,5
Escola Cliente 1473,80,1,0.84,11.16,3
Escola Cliente 1474,20,1,0.7,8.95,4
Escola Cliente 1475,1404,0.79,0.45,16.03,3
Escola Cliente 1476,223,0.94975368532065,0.73828202487048,9.09,3
Escola Cliente 1477,447,0.9909015,0.76,5.67,3
Escola Cliente 1478,378,0.99924022655063,0.862249073,7.95,5
Escola Cliente 1479,159,0.999501374084,0.9,7.99,3
Escola Cliente 1480,165,0.9682301516082,0.815317078,6.85,2
Escola Cliente 1481,54,1,0.932751803,9.34,3
Escola Cliente 1482,555,0.99758377012,0.77702252891902,13.47,3
Escola Cliente 1483,174,0.7295777052,0.68,3.11,2
Escola Cliente 1484,1033,0.943732166044,0.6296767022,8.99,4
Escola Cliente 1485,379,0.90325977781094,0.6867493402013,5.81,3
Escola Cliente 1486,595,1,0.8491816893532308,11.8,5
Escola Cliente 1487,539,0.99648436729022,0.79,13.09,4
Escola Cliente 1488,377,0.990970256833062,0.77801852887068,12.91,3
Escola Cliente 1489,155,0.96802,0.865575092,12.58,4
Escola Cliente 1490,1568,0.97517368364015,0.8390587263890007,6.09,3
Escola Cliente 1491,241,0.837754380620703,0.6071877022,7.02,2
Escola Cliente 1492,2195,0.9830201445021,0.74671010407,7.41,3
Escola Cliente 1493,350,0.51079098907082,0.209394738067,1.06,3
Escola Cliente 1494,1458,0.93485216336093,0.60413063,4.95,3
Escola Cliente 1495,1308,0.938524052,0.64124961089,6.45,3
Escola Cliente 1496,602,0.9404384612805086,0.77358402068,5.11,3
Escola Cliente 1497,63,0.94622631457062,0.8718395751332505,10.11,4
Escola Cliente 1498,932,0.9792081601896201,0.81903560013,9.4,3
Escola Cliente 1499,70,0.87076,0.7678796438096,6.04,3
Escola Cliente 1500,199,0.9973713668499602,0.9004099,3.81,3
Escola Cliente 1501,138,0.759674702245018,0.45,2.32,1
Escola Cliente 1502,279,0.9191078415092,0.61134766147068,2.27,3
Escola Cliente 1503,962,0.989074,0.82,8.16,3
Escola Cliente 1504,347,0.476141904734603,0.1822368452091307,10.22,3
Escola Cliente 1505,999,0.99054048017,0.7879141340157503,9.36,3
Escola Cliente 1506,388,0.9874670502042,0.8432014,8.89,3
Escola Cliente 1507,457,0.952372958011065,0.7668095,5.99,3
Escola Cliente 1508,201,0.999344063,0.90318890211084,13.97,4
Escola Cliente 1509,198,0.9176079,0.63270775903094,2.1,3
Escola Cliente 1510,258,0.9985006880076605,0.812580927014,10.02,3
Escola Cliente 1511,292,0.9042298253512404,0.74034,6.98,3
Escola Cliente 1512,101,0.9980611838273606,0.8055,8.02,3
Escola Cliente 1513,252,0.95137316055,0.759255548072,7.07,4
Escola Cliente 1514,970,0.97205058,0.7692655309451506,14.25,3
Escola Cliente 1515,176,0.9573202334828067,0.73240801675033,16.98,4
Escola Cliente 1516,123,0.8581113456339107,0.628977864539063,3.88,4
Escola Cliente 1517,359,0.991082,0.8082,15.65,3
Escola Cliente 1518,450,0.99,0.88,11.04,3
Escola Cliente 1519,205,0.9015,0.6014,4.14,3
Escola Cliente 1520,248,0.998307319260062,0.763534807,20.17,4
Escola Cliente 1521,176,1,0.83,3.04,4
Escola Cliente 1522,237,0.9826004125047204,0.46,5.35,3
Escola Cliente 1523,398,0.99,0.88093,10.2,3
Escola Cliente 1524,377,0.99,0.75339072,10.4,3
Escola Cliente 1525,233,0.9982667526522025,0.8952906054,12.22,3
Escola Cliente 1526,176,0.8695615468405032,0.6049,2.99,1
Escola Cliente 1527,44,0.99053027,0.790590512096,6.04,4
Escola Cliente 1528,1325,0.90023,0.693522240061,4.74,3
Escola Cliente 1529,312,0.962026,0.76,5.33,4
Escola Cliente 1530,674,0.980065,0.7501800501677609,15.35,3
Escola Cliente 1531,248,0.99756863354028,0.83114208,8.14,3
Escola Cliente 1532,199,0.988758323066,0.852862645064,13.11,4
Escola Cliente 1533,85,0.99,0.82,14.45,3
Escola Cliente 1534,231,0.95974799086,0.8992383425677061,9.3,2
Escola Cliente 1535,386,0.8650154850905022,0.43,4.19,4
Escola Cliente 1536,2508,0.9,0.59,5.39,4
Escola Cliente 1537,383,0.75,0.58,3.83,4
Escola Cliente 1538,110,0.8001581744077,0.4417865428541908,3.25,4
Escola Cliente 1539,134,0.99,0.6724834012,14.51,3
Escola Cliente 1540,345,0.942873899075054,0.722069,6.45,4
Escola Cliente 1541,247,0.41796127073023,0.2677407226992801,5.97,2
Escola Cliente 1542,212,0.9512767874049,0.7601123916059,6.74,3
Escola Cliente 1543,937,0.8846346561037,0.74065,7.83,3
Escola Cliente 1544,240,0.9218027979099,0.73426701038,5.55,3
Escola Cliente 1545,90,0.997368421053,0.933022,10.84,3
Escola Cliente 1546,121,0.97048,0.795710138465036,9.66,3
Escola Cliente 1547,118,0.91,0.775703942157015,10.25,3
Escola Cliente 1548,384,0.952427466042,0.40018369277403804,12.17,4
Escola Cliente 1549,82,0.96,0.88099,11.13,4
Escola Cliente 1550,42,0.99651498047,0.9369029064,11.36,4
Escola Cliente 1551,47,0.9591170570505083,0.9445352595039,6.7,4
Escola Cliente 1552,96,0.9892057,0.9109721095,13.15,4
Escola Cliente 1553,254,0.84363706,0.75256660926028,4.07,3
Escola Cliente 1554,112,0.9965980186055,0.91,12.86,3
Escola Cliente 1555,109,0.999613003096,0.89336241607075,12.73,3
Escola Cliente 1556,184,0.99447307027,0.90785028,11.52,3
Escola Cliente 1557,117,1,0.82928292057,7.34,4
Escola Cliente 1558,300,0.8057,0.5649338119077,8.46,1
Escola Cliente 1559,1218,0.624833082,0.63,5.76,1
Escola Cliente 1560,383,0.99,0.756015,10.32,2
Escola Cliente 1561,548,0.955140356068,0.562051,9.86,3
Escola Cliente 1562,135,0.968357045,0.798846625995098,13.74,4
Escola Cliente 1563,93,0.9805004763688018,0.748543068,14.42,3
Escola Cliente 1564,148,0.999559049,0.8909285761170501,14.4,3
Escola Cliente 1565,831,0.9442910998002,0.63,10.02,3
Escola Cliente 1566,352,0.90083827253085,0.6562106544871004,7.71,3
Escola Cliente 1567,228,1,0.8184314580514505,9.74,3
Escola Cliente 1568,47,0.9151755545387064,0.80610349079,6.08,4
Escola Cliente 1569,537,0.81,0.4801851717038,4.81,3
Escola Cliente 1570,148,0.9620390795094,0.827479035,5.39,3
Escola Cliente 1571,1453,0.96887330904031,0.74054838871096,6.73,3
Escola Cliente 1572,173,0.684898029915091,0.51,3.1,3
Escola Cliente 1573,166,0.76119878444011,0.4630082262980107,8.62,3
Escola Cliente 1574,265,0.820961914023,0.5045,9.89,3
Escola Cliente 1575,342,0.93419055,0.620530026,13.43,2
Escola Cliente 1576,193,0.9915208337681038,0.9074,9.87,3
Escola Cliente 1577,470,0.96,0.74,9.5,3
Escola Cliente 1578,33,0.279192228526033,0.2319047619048,0.2560942896347704,3
Escola Cliente 1579,410,0.99,0.87034,8.05,3
Escola Cliente 1580,909,0.9,0.5047,11.84,3
Escola Cliente 1581,362,0.4056257329094,0.3187953048108702,3.98,3
Escola Cliente 1582,2211,0.68,0.46789068,4.05,3
Escola Cliente 1583,101,0.68512313037,0.33357718323021,10.14,3
Escola Cliente 1584,718,0.5302958062,0.37919362389605604,2.9,3
Escola Cliente 1585,433,0.42810662318008,0.33,0.48377969018361805,3
Escola Cliente 1586,676,0.41068,0.22964218753514057,4,3
Escola Cliente 1587,735,0.838300116202086,0.6223485052,5.6,3
Escola Cliente 1588,977,0.608606557000071,0.4013,3.36,3
Escola Cliente 1589,161,0.37094726022,0.1192981041,0.35949879126186046,3
Escola Cliente 1590,582,0.4286581059,0.3216024,3.61,3
Escola Cliente 1591,588,0.884058,0.63,2.81,3
Escola Cliente 1592,1083,0.74,0.52022,3.76,3
Escola Cliente 1593,711,0.483608840032,0.418066224423074,1.32,3
Escola Cliente 1594,557,0.48872594328163504,0.222642991343024,0.9338875988246084,3
Escola Cliente 1595,458,0.47,0.39,1.27,3
Escola Cliente 1596,881,0.69,0.5340472016,5.09,3
Escola Cliente 1597,654,0.794109041505049,0.53,8.05,3
Escola Cliente 1598,145,0.19,0.064,0.38,3
Escola Cliente 1599,1063,0.711541254954097,0.42042,3.41,3
Escola Cliente 1600,667,0.4142079,0.30928384546016,3.83,3
Escola Cliente 1601,600,0.58,0.42402,3.64,3
Escola Cliente 1602,530,0.5032705623283098,0.4134133082,1.74,3
Escola Cliente 1603,599,0.6941421403129505,0.4527436650749304,6.86,3
Escola Cliente 1604,393,0.7872735840445303,0.56086,4.25,3
Escola Cliente 1605,202,0.48,0.23954742095,0.65056,3
Escola Cliente 1606,381,0.39228211844341504,0.36776165085390305,1.4,3
Escola Cliente 1607,232,0.3209866997901077,0.26,0.6361535860405085,3
Escola Cliente 1608,424,0.497598160085035,0.3678534911756028,2.27,3
Escola Cliente 1609,364,0.33698078,0.17412792788046,1.66,3
Escola Cliente 1610,813,0.65258301039,0.35913192910029,1.72,3
Escola Cliente 1611,475,0.67,0.51466446042,4.6,3
Escola Cliente 1612,128,0.9518616049,0.878113077025,7.94,2
Escola Cliente 1613,1942,0.98,0.8412772083,8.86,3
Escola Cliente 1614,88,0.9703087037,0.79515547519079,4.37,3
Escola Cliente 1615,124,0.97551,0.803180096,4.12,3
Escola Cliente 1616,129,0.84,0.76,4.8,3
Escola Cliente 1617,410,0.976081006,0.7505712506017,3.58,3
Escola Cliente 1618,300,0.9953076,0.824924071,15.96,2
Escola Cliente 1619,0,,,,4
Escola Cliente 1620,312,1,0.71089591014,17.94,3
Escola Cliente 1621,205,0.958768023,0.79,9.05,3
Escola Cliente 1622,31,0.999601275917065,0.96,13.5,3
Escola Cliente 1623,130,0.56091,0.4481076870037,4.03,3
Escola Cliente 1624,378,0.95483055,0.6652728606318075,10.62,3
Escola Cliente 1625,117,0.83419412861075,0.510834303,4.47,2
Escola Cliente 1626,59,0.9557212437835028,0.8992289522506702,8.1,3
Escola Cliente 1627,484,0.99,0.838366087,12.45,3
Escola Cliente 1628,82,0.99,0.8870585921055,12.88,4
Escola Cliente 1629,149,0.99,0.89,14.96,3
Escola Cliente 1630,255,0.97912820143014,0.68037724622097,6.76,3
Escola Cliente 1631,3019,0.89,0.5064,4.87,3
Escola Cliente 1632,818,0.9889412738705017,0.79,10.09,3
Escola Cliente 1633,501,0.99,0.83,6.73,3
Escola Cliente 1634,146,0.9936464321076,0.74,11.9,3
Escola Cliente 1635,352,0.96,0.67,11.96,3
Escola Cliente 1636,114,1,0.8690535583894402,13.5,3
Escola Cliente 1637,137,0.99990106846063,0.869780567412013,14.01,3
Escola Cliente 1638,454,0.952184143638014,0.6279623247919028,11.26,3
Escola Cliente 1639,28,1,0.903221093,9.02,4
Escola Cliente 1640,337,0.99925408,0.76,5.81,3
Escola Cliente 1641,833,0.938702609425079,0.74389355059,4.77,3
Escola Cliente 1642,125,0.970628282058,0.861896613704,4.33,2
Escola Cliente 1643,40,0.948989677937046,0.904079,7.77,2
Escola Cliente 1644,544,0.4338777249294095,0.3825043,1.72,0
Escola Cliente 1645,985,0.9635456550026,0.60057982238604,10.84,3
Escola Cliente 1646,426,0.97008512400052,0.74,9.28,2
Escola Cliente 1647,401,0.958220298025,0.69,10.29,3
Escola Cliente 1648,324,0.99783500045,0.65,13.13,3
Escola Cliente 1649,133,0.977665825808083,0.87,9.27,3
Escola Cliente 1650,43,0.973300521388035,0.871245012,18.71,3
Escola Cliente 1651,27,0.35,0.4019,1.28,2
Escola Cliente 1652,410,0.9618070341121309,0.6996934244030042,6.53,3
Escola Cliente 1653,113,0.995164082,0.82,9.81,3
Escola Cliente 1654,107,0.9671136450617904,0.7971630027,5.44,3
Escola Cliente 1655,84,0.969043,0.7802823328620904,10.61,3
Escola Cliente 1656,474,0.58,0.45286288247027,5.68,2
Escola Cliente 1657,805,0.666026048,0.403431716043,10.5,2
Escola Cliente 1658,645,0.56739063087,0.42565806402039,9.6,2
Escola Cliente 1659,623,0.877419021039051,0.54,11.73,2
Escola Cliente 1660,426,0.7632722774392104,0.514214803053,13.04,3
Escola Cliente 1661,29,0.99,0.85309104083,8.66,3
Escola Cliente 1662,168,0.9254524324637708,0.5767908032,3.33,3
Escola Cliente 1663,159,0.98,0.835759157087,7.55,3
Escola Cliente 1664,29,0.9814511041825013,0.742178573077077,8.78,3
Escola Cliente 1665,43,0.97591042,0.861805985046,9.93,3
Escola Cliente 1666,400,0.72,0.759851674567032,2.28,3
Escola Cliente 1667,375,0.56,0.37,7.77,2
Escola Cliente 1668,813,0.99041400079,0.7704253606666905,8.58,3
Escola Cliente 1669,175,0.71837065700098,0.55,1.43,2
Escola Cliente 1670,207,0.86138767026,0.64,3.81,2
Escola Cliente 1671,517,0.71605029,0.5452971349039,1.86,2
Escola Cliente 1672,98,0.95,0.794581862684085,7.76,1
Escola Cliente 1673,320,0.8065,0.48177052401078,9.45,1
Escola Cliente 1674,210,0.790182273470044,0.48385382093,8.63,2
Escola Cliente 1675,217,0.9911453991453057,0.67067,10.32,3
Escola Cliente 1676,491,0.9000088,0.607778038,12.11,2
Escola Cliente 1677,97,0.98,0.79,8.34,3
Escola Cliente 1678,66,0.952830559325054,0.80274075048,15.68,3
Escola Cliente 1679,86,0.5818081,0.26,1.31,2
Escola Cliente 1680,358,0.419828059,0.53260395233023,4.04,2
Escola Cliente 1681,731,0.8093505,0.6125016,13.54,2
Escola Cliente 1682,235,0.9776398253097,0.8510974633306003,12.77,1
Escola Cliente 1683,327,0.81016,0.61331133072,8.37,1
Escola Cliente 1684,179,0.8831224587646307,0.73195251311096,7.93,2
Escola Cliente 1685,256,0.95142418324016,0.7538295052,13.8,2
Escola Cliente 1686,46,0.96589877208028,0.8575614464647408,8.4,3
Escola Cliente 1687,636,0.6819714078283104,0.38,5.65,1
Escola Cliente 1688,489,0.881000577664039,0.641049053,8.84,2
Escola Cliente 1689,130,0.99,0.8185189402,12.17,3
Escola Cliente 1690,132,0.38,0.2682372024,2.87,1
Escola Cliente 1691,201,0.4,0.292865060164045,3.35,1
Escola Cliente 1692,357,0.48,0.40516647056,3.27,1
Escola Cliente 1693,592,0.592782396285062,0.42339682067,7.31,2
Escola Cliente 1694,375,0.6171644628471077,0.3780478994787012,8.7,2
Escola Cliente 1695,97,1,0.872450691029,8.82,3
Escola Cliente 1696,107,0.916676287691098,0.7217868500158009,9.42,2
Escola Cliente 1697,261,0.98925047,0.6986466806733092,13.39,2
Escola Cliente 1698,244,0.67,0.4860990772507,4.08,1
Escola Cliente 1699,240,0.576500097,0.41948092006061,7.46,1
Escola Cliente 1700,343,0.97207048,0.73,6.1,2
Escola Cliente 1701,147,0.97,0.782779517829024,11.64,2
Escola Cliente 1702,429,0.93,0.7883093776058,12.15,2
Escola Cliente 1703,124,0.6387962441336081,0.438633609585094,2.87,1
Escola Cliente 1704,296,0.6240057,0.430285043095,6.59,2
Escola Cliente 1705,200,0.804498695625044,0.5748772054,7.1,2
Escola Cliente 1706,196,0.9833063,0.8580015,11.88,2
Escola Cliente 1707,161,0.9968590831918507,0.83,5.06,2
Escola Cliente 1708,59,0.837952448047,0.755207413058,8.22,2
Escola Cliente 1709,31,0.86178095,0.790378047,5.43,2
Escola Cliente 1710,100,1,0.8764901024004076,5.75,3
Escola Cliente 1711,515,0.84,0.5615893075,14.86,3
Escola Cliente 1712,220,0.82,0.49,8.3,2
Escola Cliente 1713,374,0.62110044,0.393013,13.66,2
Escola Cliente 1714,1025,0.93647296039,0.66,10.49,2
Escola Cliente 1715,631,0.8552120733292016,0.5837998725013,9.25,2
Escola Cliente 1716,637,0.884029,0.63,18.1,1
Escola Cliente 1717,159,0.944350104014,0.6638397920079,4.29,2
Escola Cliente 1718,80,0.89,0.615513436024,8.58,1
Escola Cliente 1719,81,0.99,0.8819387085461604,6.07,3
Escola Cliente 1720,50,0.994030836019,0.90975424022,6.82,3
Escola Cliente 1721,362,0.9778140330094,0.8318008039,12.87,1
Escola Cliente 1722,130,0.8770971019,0.7307447004,4.6,2
Escola Cliente 1723,256,0.866810168078,0.6043917532941601,10.34,2
Escola Cliente 1724,247,0.9591582516979047,0.71,9.08,3
Escola Cliente 1725,114,0.8726156852949908,0.6199587599012,6.09,2
Escola Cliente 1726,631,0.7863145389384603,0.541936654078,6.01,1
Escola Cliente 1727,490,0.6079267750822005,0.53,1.98,1
Escola Cliente 1728,399,0.9919013797067,0.8120530694226084,8.97,2
Escola Cliente 1729,137,0.7704431148067,0.7203987703421051,3.05,1
Escola Cliente 1730,38,0.274015180094,0.16189017,1.57,2
Escola Cliente 1731,154,0.965561725807013,0.72,15.09,2
Escola Cliente 1732,261,0.96,0.83,7.37,1
Escola Cliente 1733,0,,,,3
Escola Cliente 1734,58,0.93,0.698528001997065,4.99,2
Escola Cliente 1735,7,0.8409090909090909,0.835318426053,1.07,1
Escola Cliente 1736,51,0.2165039929015084,,,0
Escola Cliente 1737,190,0.918549062,0.7025698065,4.39,2
Escola Cliente 1738,118,0.97,0.916792021,7.71,2
Escola Cliente 1739,129,0.7789707087,0.48056,5.05,2
Escola Cliente 1740,125,0.74770061278086,0.670118660032,2.55,1
Escola Cliente 1741,251,0.5070328092,0.4160391646082,1.33,1
Escola Cliente 1742,102,0.9269166535017,0.8012274073,6.46,2
Escola Cliente 1743,85,0.9128980120840108,0.77,8.64,2
Escola Cliente 1744,199,0.8519400542400607,0.606577850068,4.45,2
Escola Cliente 1745,152,0.78,0.5389178336982707,2.05,1
Escola Cliente 1746,16,0.99,0.94723931446057,8.78,1
Escola Cliente 1747,119,0.82,0.3617631026,10.4,2
Escola Cliente 1748,588,0.82,0.6304932908044,6.06,2
Escola Cliente 1749,343,0.8106962927097,0.6099784753661046,4.23,2
Escola Cliente 1750,319,0.919568007,0.73,4.42,2
Escola Cliente 1751,300,0.992612731088,0.7571079,9.11,2
Escola Cliente 1752,151,0.8,0.6774410687411027,8.24,2
Escola Cliente 1753,218,0.81,0.559391045,9.96,2
Escola Cliente 1754,51,0.98,0.6439264105021,3.26,2
Escola Cliente 1755,67,0.9198272087994505,0.7188722059802036,4.92,2
Escola Cliente 1756,64,1,0.9050718353169808,7.05,2
Escola Cliente 1757,273,0.510891165029,0.374488393097,3.9,2
Escola Cliente 1758,130,0.54,0.4605678439782075,6.86,2
Escola Cliente 1759,55,0.4914647232082,0.327711032,3.47,2
Escola Cliente 1760,366,0.3083489322034,0.2803339019,4.6,2
Escola Cliente 1761,57,0.977077349277057,0.83,9.52,2
Escola Cliente 1762,37,0.524060057,0.4351619842226098,4.07,1
Escola Cliente 1763,159,0.33,0.24645226093,6.93,1
Escola Cliente 1764,354,0.4089,0.3627973753650058,1.5,1
Escola Cliente 1765,265,0.85,0.567028,5.56,2
Escola Cliente 1766,81,0.9201061028,0.840270039042083,7.54,2
Escola Cliente 1767,49,0.90599896168055,0.85,6.25,2
Escola Cliente 1768,341,0.8677634603071,0.62,6.37,2
Escola Cliente 1769,401,0.65,0.18095848651049,3.24,1
Escola Cliente 1770,203,0.939881634924018,0.68218996908061,4.54,1
Escola Cliente 1771,21,0.3095238095238095,0.4766447368421052,1.17,0
Escola Cliente 1772,49,0.9792139078,0.93510072,14.83,1
Escola Cliente 1773,265,0.893951933074,0.7537193690524053,7.24,1
Escola Cliente 1774,209,0.55,0.34,3.48,1
Escola Cliente 1775,261,0.7134875824223202,0.50526536089,8.63,0
Escola Cliente 1776,51,0.9076,0.78,9,1
Escola Cliente 1777,70,0.94,0.87243668952049,10.25,1
Escola Cliente 1778,258,0.84135026,0.77,7.54,1
Escola Cliente 1779,184,0.8414855072,0.68,7.95,1
Escola Cliente 1780,138,0.93,0.84611495593039,15.61,1
Escola Cliente 1781,125,0.28,0.1411083555064,2.77,1
Escola Cliente 1782,327,0.86893620311031,0.66,9.87,1
Escola Cliente 1783,171,0.8181979212062,0.7556502683797903,4.68,1
Escola Cliente 1784,405,0.83,0.7068,7.37,1
Escola Cliente 1785,60,0.90083763208046,0.7092364792735907,16.01,1
Escola Cliente 1786,504,0.4888404869027,0.4553739123467203,5.6,1
Escola Cliente 1787,15,0.9,0.8589795788059,4.32,0
Escola Cliente 1788,145,0.723029481705,0.542451115180054,7.19,1
Escola Cliente 1789,133,0.8844096,0.589706387014,8.5,0
Escola Cliente 1790,55,0.97,0.80754533013,17.57,1
Escola Cliente 1791,401,0.8731175552088,0.7082087011012,4.4,0
Escola Cliente 1792,518,0.8650101831028,0.75,5.01,1
Escola Cliente 1793,84,0.9366830065,0.731824948581039,15.39,0
Escola Cliente 1794,193,0.76347649852604,0.74,4.45,1
Escola Cliente 1795,18,0.49118541033,0.10541282195298084,5.83,1
Escola Cliente 1796,319,0.39012046,0.31073,0.0812298849074,0
Escola Cliente 1797,92,0.6962785114046,0.45,4.38,0
Escola Cliente 1798,382,0.7481749859599507,0.5064,7.09,0
Escola Cliente 1799,59,0.938784411866104,0.854933074,11.15,1
Escola Cliente 1800,164,0.4948328267477203,0.41,1.88,0
Escola Cliente 1801,434,0.84921037049,0.73279014,10.68,1
Escola Cliente 1802,80,0.8649087221095,0.69059,18.93,1
Escola Cliente 1803,85,0.2132396097,0.22944945823492108,1.5,0
Escola Cliente 1804,265,0.911330167028,0.6812889669072041,4.36,0
Escola Cliente 1805,73,0.802461232039,0.84,4.09,0
Escola Cliente 1806,94,0.59,0.609002,1.98,0
Escola Cliente 1807,102,,,,0
